Date,Close,AdjClose,Volume,Currency
2021-07-13,1940.083984375,1940.083984375,16621628658,USD
2021-07-14,1994.331298828125,1994.331298828125,17342819679,USD
2021-07-15,1911.1756591796875,1911.1756591796875,15688092552,USD
2021-07-16,1880.3829345703125,1880.3829345703125,14884569147,USD
2021-07-17,1898.8251953125,1898.8251953125,13364282076,USD
2021-07-18,1895.5521240234375,1895.5521240234375,13791868728,USD
2021-07-19,1817.296630859375,1817.296630859375,14157735481,USD
2021-07-20,1787.5107421875,1787.5107421875,17368597636,USD
2021-07-21,1990.9708251953125,1990.9708251953125,21253359756,USD
2021-07-22,2025.2027587890625,2025.2027587890625,17495480331,USD
2021-07-23,2124.776611328125,2124.776611328125,16200392492,USD
2021-07-24,2189.21875,2189.21875,16057446601,USD
2021-07-25,2191.373779296875,2191.373779296875,14566483636,USD
2021-07-26,2233.36669921875,2233.36669921875,29614324233,USD
2021-07-27,2298.33349609375,2298.33349609375,23067480378,USD
2021-07-28,2296.54541015625,2296.54541015625,18991302378,USD
2021-07-29,2380.956787109375,2380.956787109375,16313373113,USD
2021-07-30,2466.96142578125,2466.96142578125,20212848934,USD
2021-07-31,2536.2099609375,2536.2099609375,18001710283,USD
2021-08-01,2561.85205078125,2561.85205078125,22697987055,USD
2021-08-02,2610.1533203125,2610.1533203125,22162754104,USD
2021-08-03,2502.349609375,2502.349609375,22696753413,USD
2021-08-04,2724.619873046875,2724.619873046875,25038698173,USD
2021-08-05,2827.328857421875,2827.328857421875,31057928075,USD
2021-08-06,2890.941650390625,2890.941650390625,26528577879,USD
2021-08-07,3157.23876953125,3157.23876953125,33081467129,USD
2021-08-08,3013.732666015625,3013.732666015625,28433638008,USD
2021-08-09,3167.856201171875,3167.856201171875,31983260936,USD
2021-08-10,3141.691162109375,3141.691162109375,27605221710,USD
2021-08-11,3164.2451171875,3164.2451171875,26729035052,USD
2021-08-12,3043.414306640625,3043.414306640625,25403699845,USD
2021-08-13,3322.211669921875,3322.211669921875,23868866254,USD
2021-08-14,3265.443359375,3265.443359375,19860862133,USD
2021-08-15,3310.504150390625,3310.504150390625,22166205051,USD
2021-08-16,3156.509521484375,3156.509521484375,23080039949,USD
2021-08-17,3014.845947265625,3014.845947265625,25509056745,USD
2021-08-18,3020.08984375,3020.08984375,21539248425,USD
2021-08-19,3182.7021484375,3182.7021484375,19546290360,USD
2021-08-20,3286.935302734375,3286.935302734375,20885619828,USD
2021-08-21,3226.083984375,3226.083984375,18113977628,USD
2021-08-22,3242.115478515625,3242.115478515625,15983278460,USD
2021-08-23,3319.25732421875,3319.25732421875,20511110509,USD
2021-08-24,3172.456298828125,3172.456298828125,20131028906,USD
2021-08-25,3224.915283203125,3224.915283203125,18902728235,USD
2021-08-26,3100.325439453125,3100.325439453125,17405668117,USD
2021-08-27,3270.600830078125,3270.600830078125,18489602004,USD
2021-08-28,3244.4033203125,3244.4033203125,13709633698,USD
2021-08-29,3227.002685546875,3227.002685546875,13296586731,USD
2021-08-30,3224.374267578125,3224.374267578125,19306924485,USD
2021-08-31,3433.732666015625,3433.732666015625,27280502987,USD
2021-09-01,3834.828125,3834.828125,30070890104,USD
2021-09-02,3790.989990234375,3790.989990234375,24387397330,USD
2021-09-03,3940.61474609375,3940.61474609375,26207765094,USD
2021-09-04,3887.828369140625,3887.828369140625,20806963328,USD
2021-09-05,3952.133544921875,3952.133544921875,18371468576,USD
2021-09-06,3928.37939453125,3928.37939453125,18674691198,USD
2021-09-07,3426.394287109375,3426.394287109375,39131346397,USD
2021-09-08,3497.315185546875,3497.315185546875,31738430771,USD
2021-09-09,3427.340087890625,3427.340087890625,24118055831,USD
2021-09-10,3211.505859375,3211.505859375,22355974097,USD
2021-09-11,3270.278076171875,3270.278076171875,18627122934,USD
2021-09-12,3410.134521484375,3410.134521484375,16810411424,USD
2021-09-13,3285.51171875,3285.51171875,22721552948,USD
2021-09-14,3429.169677734375,3429.169677734375,19125420848,USD
2021-09-15,3615.28271484375,3615.28271484375,17548551804,USD
2021-09-16,3571.294921875,3571.294921875,20093903064,USD
2021-09-17,3398.538818359375,3398.538818359375,17722363229,USD
2021-09-18,3432.018310546875,3432.018310546875,15995220233,USD
2021-09-19,3329.447998046875,3329.447998046875,14257609743,USD
2021-09-20,2958.993408203125,2958.993408203125,27371684581,USD
2021-09-21,2764.43115234375,2764.43115234375,30405062665,USD
2021-09-22,3077.867919921875,3077.867919921875,23742102645,USD
2021-09-23,3155.523681640625,3155.523681640625,18516291047,USD
2021-09-24,2931.669189453125,2931.669189453125,25595422789,USD
2021-09-25,2925.565673828125,2925.565673828125,18932786754,USD
2021-09-26,3062.265380859375,3062.265380859375,21172766310,USD
2021-09-27,2934.138916015625,2934.138916015625,19164053681,USD
2021-09-28,2807.296630859375,2807.296630859375,16895079070,USD
2021-09-29,2853.143310546875,2853.143310546875,15763456158,USD
2021-09-30,3001.678955078125,3001.678955078125,17661065099,USD
2021-10-01,3307.51611328125,3307.51611328125,22307625573,USD
2021-10-02,3391.6943359375,3391.6943359375,19202671704,USD
2021-10-03,3418.358642578125,3418.358642578125,15516566862,USD
2021-10-04,3380.089111328125,3380.089111328125,17747154101,USD
2021-10-05,3518.5185546875,3518.5185546875,16632591670,USD
2021-10-06,3580.56201171875,3580.56201171875,21855226591,USD
2021-10-07,3587.974853515625,3587.974853515625,19090322927,USD
2021-10-08,3563.75927734375,3563.75927734375,16222029488,USD
2021-10-09,3575.716796875,3575.716796875,12707036942,USD
2021-10-10,3425.852783203125,3425.852783203125,16171746693,USD
2021-10-11,3545.35400390625,3545.35400390625,18579189588,USD
2021-10-12,3492.5732421875,3492.5732421875,18109578443,USD
2021-10-13,3606.20166015625,3606.20166015625,16211275589,USD
2021-10-14,3786.01416015625,3786.01416015625,19443499909,USD
2021-10-15,3862.634765625,3862.634765625,20966841512,USD
2021-10-16,3830.382080078125,3830.382080078125,16578095629,USD
2021-10-17,3847.1044921875,3847.1044921875,15908090346,USD
2021-10-18,3748.76025390625,3748.76025390625,17386204158,USD
2021-10-19,3877.65087890625,3877.65087890625,15998757133,USD
2021-10-20,4155.9921875,4155.9921875,20338319988,USD
2021-10-21,4054.32275390625,4054.32275390625,28220661820,USD
2021-10-22,3970.181884765625,3970.181884765625,19432937968,USD
2021-10-23,4171.66357421875,4171.66357421875,14781537792,USD
2021-10-24,4087.903076171875,4087.903076171875,14978083638,USD
2021-10-25,4217.876953125,4217.876953125,15995727040,USD
2021-10-26,4131.10205078125,4131.10205078125,17157714562,USD
2021-10-27,3930.25732421875,3930.25732421875,26219530404,USD
2021-10-28,4287.31884765625,4287.31884765625,25958154575,USD
2021-10-29,4414.74658203125,4414.74658203125,22967641914,USD
2021-10-30,4325.650390625,4325.650390625,14615490626,USD
2021-10-31,4288.07421875,4288.07421875,17498160238,USD
2021-11-01,4324.626953125,4324.626953125,17985288261,USD
2021-11-02,4584.798828125,4584.798828125,20794448222,USD
2021-11-03,4607.19384765625,4607.19384765625,21220463155,USD
2021-11-04,4537.32421875,4537.32421875,18415244464,USD
2021-11-05,4486.2431640625,4486.2431640625,15086003586,USD
2021-11-06,4521.5810546875,4521.5810546875,14429076700,USD
2021-11-07,4620.5546875,4620.5546875,13541376033,USD
2021-11-08,4812.08740234375,4812.08740234375,19290896267,USD
2021-11-09,4735.06884765625,4735.06884765625,20834172627,USD
2021-11-10,4636.17431640625,4636.17431640625,22748160545,USD
2021-11-11,4730.38427734375,4730.38427734375,17933201129,USD
2021-11-12,4667.115234375,4667.115234375,18316060208,USD
2021-11-13,4651.46044921875,4651.46044921875,14457436261,USD
2021-11-14,4626.35888671875,4626.35888671875,12172962219,USD
2021-11-15,4557.50390625,4557.50390625,16275851299,USD
2021-11-16,4216.365234375,4216.365234375,27417502801,USD
2021-11-17,4287.59375,4287.59375,22183461850,USD
2021-11-18,4000.65087890625,4000.65087890625,21383250893,USD
2021-11-19,4298.306640625,4298.306640625,20626269711,USD
2021-11-20,4409.93115234375,4409.93115234375,15448261277,USD
2021-11-21,4269.73291015625,4269.73291015625,14094831413,USD
2021-11-22,4088.457763671875,4088.457763671875,19752218877,USD
2021-11-23,4340.763671875,4340.763671875,22133497059,USD
2021-11-24,4239.9814453125,4239.9814453125,21838037128,USD
2021-11-25,4274.7431640625,4274.7431640625,18705358318,USD
2021-11-26,4030.908935546875,4030.908935546875,26281795488,USD
2021-11-27,4096.912109375,4096.912109375,16515693874,USD
2021-11-28,4294.45361328125,4294.45361328125,15953126340,USD
2021-11-29,4445.10498046875,4445.10498046875,19086475837,USD
2021-11-30,4631.47900390625,4631.47900390625,28626354111,USD
2021-12-01,4586.990234375,4586.990234375,27634826695,USD
2021-12-02,4511.30224609375,4511.30224609375,21502671027,USD
2021-12-03,4220.7060546875,4220.7060546875,25879591528,USD
2021-12-04,4119.58740234375,4119.58740234375,38478999182,USD
2021-12-05,4198.32275390625,4198.32275390625,25533062707,USD
2021-12-06,4358.7373046875,4358.7373046875,28229518513,USD
2021-12-07,4315.0615234375,4315.0615234375,22366213354,USD
2021-12-08,4439.35791015625,4439.35791015625,18704315119,USD
2021-12-09,4119.81591796875,4119.81591796875,22296131874,USD
2021-12-10,3908.49609375,3908.49609375,28014595631,USD
2021-12-11,4084.452392578125,4084.452392578125,19131502454,USD
2021-12-12,4134.453125,4134.453125,14057603914,USD
2021-12-13,3784.226806640625,3784.226806640625,23999841386,USD
2021-12-14,3745.4404296875,3745.4404296875,23836759957,USD
2021-12-15,4018.388671875,4018.388671875,26411188833,USD
2021-12-16,3962.4697265625,3962.4697265625,19825531254,USD
2021-12-17,3879.486572265625,3879.486572265625,23143541098,USD
2021-12-18,3960.860107421875,3960.860107421875,19530895889,USD
2021-12-19,3922.592529296875,3922.592529296875,16167785597,USD
2021-12-20,3933.844482421875,3933.844482421875,21589690675,USD
2021-12-21,4020.260009765625,4020.260009765625,16388555198,USD
2021-12-22,3982.099609375,3982.099609375,13921756199,USD
2021-12-23,4108.015625,4108.015625,18007273742,USD
2021-12-24,4047.98291015625,4047.98291015625,12769090623,USD
2021-12-25,4093.281005859375,4093.281005859375,10894785525,USD
2021-12-26,4067.328125,4067.328125,11197244172,USD
2021-12-27,4037.547607421875,4037.547607421875,11424360002,USD
2021-12-28,3800.89306640625,3800.89306640625,17299472803,USD
2021-12-29,3628.53173828125,3628.53173828125,15722555672,USD
2021-12-30,3713.85205078125,3713.85205078125,12925377999,USD
2021-12-31,3682.6328125,3682.6328125,14157285268,USD
2022-01-01,3769.697021484375,3769.697021484375,9776191466,USD
2022-01-02,3829.56494140625,3829.56494140625,9881471548,USD
2022-01-03,3761.38037109375,3761.38037109375,12080777893,USD
2022-01-04,3794.056640625,3794.056640625,14030925983,USD
2022-01-05,3550.386962890625,3550.386962890625,18061338502,USD
2022-01-06,3418.408203125,3418.408203125,24293791313,USD
2022-01-07,3193.21044921875,3193.21044921875,24494179209,USD
2022-01-08,3091.97265625,3091.97265625,16037732700,USD
2022-01-09,3157.75146484375,3157.75146484375,12334683863,USD
2022-01-10,3083.097900390625,3083.097900390625,19535744145,USD
2022-01-11,3238.111572265625,3238.111572265625,15211447193,USD
2022-01-12,3372.25830078125,3372.25830078125,16662871689,USD
2022-01-13,3248.28857421875,3248.28857421875,15294466275,USD
2022-01-14,3310.00146484375,3310.00146484375,13562957230,USD
2022-01-15,3330.53076171875,3330.53076171875,9619999078,USD
2022-01-16,3350.921875,3350.921875,9505934874,USD
2022-01-17,3212.304931640625,3212.304931640625,12344309617,USD
2022-01-18,3164.025146484375,3164.025146484375,13024154091,USD
2022-01-19,3095.825927734375,3095.825927734375,13187424144,USD
2022-01-20,3001.1201171875,3001.1201171875,10645922764,USD
2022-01-21,2557.931640625,2557.931640625,26796291874,USD
2022-01-22,2405.18115234375,2405.18115234375,27369692036,USD
2022-01-23,2535.0390625,2535.0390625,16481489511,USD
2022-01-24,2440.352294921875,2440.352294921875,28220804648,USD
2022-01-25,2455.93505859375,2455.93505859375,16179776932,USD
2022-01-26,2468.0302734375,2468.0302734375,21229909340,USD
2022-01-27,2423.001220703125,2423.001220703125,16126522783,USD
2022-01-28,2547.092041015625,2547.092041015625,14666227351,USD
2022-01-29,2597.084716796875,2597.084716796875,11172062661,USD
2022-01-30,2603.466552734375,2603.466552734375,9501221177,USD
2022-01-31,2688.27880859375,2688.27880859375,13778234614,USD
2022-02-01,2792.1171875,2792.1171875,13194846235,USD
2022-02-02,2682.85400390625,2682.85400390625,13876301217,USD
2022-02-03,2679.16259765625,2679.16259765625,12755505065,USD
2022-02-04,2983.5869140625,2983.5869140625,18987223729,USD
2022-02-05,3014.648193359375,3014.648193359375,13102093957,USD
2022-02-06,3057.47607421875,3057.47607421875,9466018022,USD
2022-02-07,3142.470703125,3142.470703125,15197063785,USD
2022-02-08,3122.608642578125,3122.608642578125,17136080906,USD
2022-02-09,3239.45703125,3239.45703125,13951308490,USD
2022-02-10,3077.482177734375,3077.482177734375,18629485080,USD
2022-02-11,2927.383544921875,2927.383544921875,16043881065,USD
2022-02-12,2917.36279296875,2917.36279296875,11254355757,USD
2022-02-13,2883.46337890625,2883.46337890625,9054963563,USD
2022-02-14,2933.47900390625,2933.47900390625,12164552172,USD
2022-02-15,3179.877197265625,3179.877197265625,13921257873,USD
2022-02-16,3127.830078125,3127.830078125,12352406833,USD
2022-02-17,2881.48193359375,2881.48193359375,15860206214,USD
2022-02-18,2785.7275390625,2785.7275390625,15748173433,USD
2022-02-19,2763.701171875,2763.701171875,9774183169,USD
2022-02-20,2628.6484375,2628.6484375,11641437834,USD
2022-02-21,2573.816162109375,2573.816162109375,18646392740,USD
2022-02-22,2639.29931640625,2639.29931640625,16360200507,USD
2022-02-23,2590.359619140625,2590.359619140625,13382637240,USD
2022-02-24,2598.067138671875,2598.067138671875,29312342666,USD
2022-02-25,2764.53564453125,2764.53564453125,17208902048,USD
2022-02-26,2781.11181640625,2781.11181640625,11724648351,USD
2022-02-27,2621.8017578125,2621.8017578125,16150857254,USD
2022-02-28,2919.201171875,2919.201171875,19266124733,USD
2022-03-01,2972.485107421875,2972.485107421875,18757425786,USD
2022-03-02,2950.118408203125,2950.118408203125,16636517503,USD
2022-03-03,2834.468994140625,2834.468994140625,13091199728,USD
2022-03-04,2617.156005859375,2617.156005859375,14496939024,USD
2022-03-05,2664.8310546875,2664.8310546875,8072368396,USD
2022-03-06,2555.037353515625,2555.037353515625,8872976607,USD
2022-03-07,2497.771240234375,2497.771240234375,14594098731,USD
2022-03-08,2576.74755859375,2576.74755859375,13922922903,USD
2022-03-09,2729.783447265625,2729.783447265625,14173665398,USD
2022-03-10,2608.048583984375,2608.048583984375,13292477213,USD
2022-03-11,2559.56298828125,2559.56298828125,12382419582,USD
2022-03-12,2574.754150390625,2574.754150390625,6532996574,USD
2022-03-13,2518.944580078125,2518.944580078125,8632000379,USD
2022-03-14,2590.696044921875,2590.696044921875,11244398839,USD
2022-03-15,2620.149658203125,2620.149658203125,12861105614,USD
2022-03-16,2772.0556640625,2772.0556640625,17915109769,USD
2022-03-17,2814.8544921875,2814.8544921875,12685265194,USD
2022-03-18,2945.343017578125,2945.343017578125,15830879093,USD
2022-03-19,2946.257080078125,2946.257080078125,11576463120,USD
2022-03-20,2860.459228515625,2860.459228515625,12684727326,USD
2022-03-21,2897.9765625,2897.9765625,15206116098,USD
2022-03-22,2973.131103515625,2973.131103515625,16830539230,USD
2022-03-23,3031.067138671875,3031.067138671875,16008767658,USD
2022-03-24,3108.06201171875,3108.06201171875,18070503166,USD
2022-03-25,3106.67138671875,3106.67138671875,17030503831,USD
2022-03-26,3143.178955078125,3143.178955078125,8876420740,USD
2022-03-27,3291.57763671875,3291.57763671875,13431866834,USD
2022-03-28,3336.634521484375,3336.634521484375,20620450770,USD
2022-03-29,3401.98779296875,3401.98779296875,19533323636,USD
2022-03-30,3385.157958984375,3385.157958984375,15302506131,USD
2022-03-31,3281.642822265625,3281.642822265625,17685495686,USD
2022-04-01,3449.55224609375,3449.55224609375,20982988937,USD
2022-04-02,3445.059326171875,3445.059326171875,23571556215,USD
2022-04-03,3522.83349609375,3522.83349609375,15333808649,USD
2022-04-04,3521.2412109375,3521.2412109375,18209969743,USD
2022-04-05,3411.79248046875,3411.79248046875,16681503199,USD
2022-04-06,3171.69189453125,3171.69189453125,25632563639,USD
2022-04-07,3233.274658203125,3233.274658203125,16745496605,USD
2022-04-08,3192.073974609375,3192.073974609375,17557050669,USD
2022-04-09,3261.916259765625,3261.916259765625,9908112156,USD
2022-04-10,3211.866943359375,3211.866943359375,10427054790,USD
2022-04-11,2981.05224609375,2981.05224609375,21891804831,USD
2022-04-12,3030.37646484375,3030.37646484375,20235707410,USD
2022-04-13,3118.34423828125,3118.34423828125,16088473629,USD
2022-04-14,3019.909423828125,3019.909423828125,15821419931,USD
2022-04-15,3040.91650390625,3040.91650390625,11256651536,USD
2022-04-16,3062.310302734375,3062.310302734375,8766710365,USD
2022-04-17,2993.4033203125,2993.4033203125,10463091281,USD
2022-04-18,3057.606689453125,3057.606689453125,18629381299,USD
2022-04-19,3104.1064453125,3104.1064453125,14156035096,USD
2022-04-20,3077.745849609375,3077.745849609375,15547362265,USD
2022-04-21,2987.480712890625,2987.480712890625,20783591093,USD
2022-04-22,2964.835693359375,2964.835693359375,16782795477,USD
2022-04-23,2938.114013671875,2938.114013671875,9116955609,USD
2022-04-24,2922.732666015625,2922.732666015625,9696829579,USD
2022-04-25,3009.3935546875,3009.3935546875,22332690614,USD
2022-04-26,2808.29833984375,2808.29833984375,19052045399,USD
2022-04-27,2888.9296875,2888.9296875,17419284041,USD
2022-04-28,2936.94091796875,2936.94091796875,18443524633,USD
2022-04-29,2815.601806640625,2815.601806640625,18771041399,USD
2022-04-30,2730.186767578125,2730.186767578125,13520941867,USD
2022-05-01,2827.756103515625,2827.756103515625,15332730152,USD
2022-05-02,2857.410400390625,2857.410400390625,18609741545,USD
2022-05-03,2783.476318359375,2783.476318359375,13026093219,USD
2022-05-04,2940.644775390625,2940.644775390625,18186749944,USD
2022-05-05,2749.213134765625,2749.213134765625,22642925048,USD
2022-05-06,2694.979736328125,2694.979736328125,21027599270,USD
2022-05-07,2636.093017578125,2636.093017578125,13369276367,USD
2022-05-08,2517.4599609375,2517.4599609375,20802269935,USD
2022-05-09,2245.430419921875,2245.430419921875,36333567678,USD
2022-05-10,2343.510986328125,2343.510986328125,38202099639,USD
2022-05-11,2072.108642578125,2072.108642578125,45743399154,USD
2022-05-12,1961.7015380859375,1961.7015380859375,42463486402,USD
2022-05-13,2014.418212890625,2014.418212890625,24816096567,USD
2022-05-14,2056.27392578125,2056.27392578125,15457044616,USD
2022-05-15,2145.706787109375,2145.706787109375,14846088335,USD
2022-05-16,2022.7259521484375,2022.7259521484375,21459552191,USD
2022-05-17,2090.4091796875,2090.4091796875,18509929297,USD
2022-05-18,1916.6561279296875,1916.6561279296875,17740965589,USD
2022-05-19,2018.336181640625,2018.336181640625,18734247914,USD
2022-05-20,1961.315673828125,1961.315673828125,15892482289,USD
2022-05-21,1974.518310546875,1974.518310546875,8546822406,USD
2022-05-22,2043.170166015625,2043.170166015625,10941123403,USD
2022-05-23,1972.181884765625,1972.181884765625,16434529708,USD
2022-05-24,1978.9827880859375,1978.9827880859375,13057109007,USD
2022-05-25,1944.827880859375,1944.827880859375,13364545730,USD
2022-05-26,1803.913330078125,1803.913330078125,23458681818,USD
2022-05-27,1724.9228515625,1724.9228515625,25470760032,USD
2022-05-28,1757.9417724609375,1757.9417724609375,23214777872,USD
2022-05-29,1812.031005859375,1812.031005859375,10642556101,USD
2022-05-30,1996.4412841796875,1996.4412841796875,19580808705,USD
2022-05-31,1942.3280029296875,1942.3280029296875,18363115560,USD
2022-06-01,1823.5693359375,1823.5693359375,21037797760,USD
2022-06-02,1834.1505126953125,1834.1505126953125,17065041354,USD
2022-06-03,1775.07861328125,1775.07861328125,14878001811,USD
2022-06-04,1801.6094970703125,1801.6094970703125,8677951273,USD
2022-06-05,1805.2049560546875,1805.2049560546875,8850385937,USD
2022-06-06,1859.2896728515625,1859.2896728515625,16518471852,USD
2022-06-07,1814.04833984375,1814.04833984375,24020076750,USD
2022-06-08,1793.572265625,1793.572265625,18041476023,USD
2022-06-09,1789.8260498046875,1789.8260498046875,12013083393,USD
2022-06-10,1665.042236328125,1665.042236328125,18504740451,USD
2022-06-11,1529.6634521484375,1529.6634521484375,21127089064,USD
2022-06-12,1445.216552734375,1445.216552734375,23465074882,USD
2022-06-13,1204.582763671875,1204.582763671875,45162788786,USD
2022-06-14,1211.662841796875,1211.662841796875,33327826525,USD
2022-06-15,1233.2064208984375,1233.2064208984375,37539999450,USD
2022-06-16,1067.730712890625,1067.730712890625,18907671369,USD
2022-06-17,1086.519287109375,1086.519287109375,14591486540,USD
2022-06-18,993.6367797851562,993.6367797851562,21655406608,USD
2022-06-19,1127.656494140625,1127.656494140625,21795481981,USD
2022-06-20,1127.6424560546875,1127.6424560546875,19739691429,USD
2022-06-21,1124.8245849609375,1124.8245849609375,15632089439,USD
2022-06-22,1051.421875,1051.421875,15010593493,USD
2022-06-23,1143.38671875,1143.38671875,14657862919,USD
2022-06-24,1226.8447265625,1226.8447265625,16981552654,USD
2022-06-25,1243.4468994140625,1243.4468994140625,12481946184,USD
2022-06-26,1199.8316650390625,1199.8316650390625,12096607824,USD
2022-06-27,1193.6806640625,1193.6806640625,12492225250,USD
2022-06-28,1144.5792236328125,1144.5792236328125,14023205651,USD
2022-06-29,1098.94384765625,1098.94384765625,15386286815,USD
2022-06-30,1067.298828125,1067.298828125,16350755497,USD
2022-07-01,1059.767333984375,1059.767333984375,17499453625,USD
2022-07-02,1066.5128173828125,1066.5128173828125,9935603640,USD
2022-07-03,1073.7669677734375,1073.7669677734375,8557248150,USD
2022-07-04,1151.05908203125,1151.05908203125,13670889311,USD
2022-07-05,1134.541015625,1134.541015625,16195518291,USD
2022-07-06,1186.9739990234375,1186.9739990234375,15373536703,USD
2022-07-07,1237.5933837890625,1237.5933837890625,14230795894,USD
2022-07-08,1222.5062255859375,1222.5062255859375,16315929082,USD
2022-07-09,1216.978271484375,1216.978271484375,8821353104,USD
2022-07-10,1168.401611328125,1168.401611328125,10984558039,USD
2022-07-11,1097.236572265625,1097.236572265625,12064180410,USD
2022-07-12,1038.191650390625,1038.191650390625,12583282453,USD
2022-07-13,1113.587158203125,1113.587158203125,18302588147,USD
2022-07-14,1191.5262451171875,1191.5262451171875,16688640823,USD
2022-07-15,1233.129150390625,1233.129150390625,17411448225,USD
2022-07-16,1352.62646484375,1352.62646484375,18364013796,USD
2022-07-17,1338.6357421875,1338.6357421875,16079711737,USD
2022-07-18,1578.7178955078125,1578.7178955078125,27440420623,USD
2022-07-19,1542.9752197265625,1542.9752197265625,27753529276,USD
2022-07-20,1520.20068359375,1520.20068359375,22942708340,USD
2022-07-21,1576.74951171875,1576.74951171875,20009556587,USD
2022-07-22,1537.4051513671875,1537.4051513671875,18926100582,USD
2022-07-23,1549.2974853515625,1549.2974853515625,14998811383,USD
2022-07-24,1599.4766845703125,1599.4766845703125,17217849557,USD
2022-07-25,1445.3834228515625,1445.3834228515625,20585056021,USD
2022-07-26,1441.8067626953125,1441.8067626953125,18238563509,USD
2022-07-27,1636.232666015625,1636.232666015625,23007524016,USD
2022-07-28,1725.4681396484375,1725.4681396484375,27231399966,USD
2022-07-29,1727.406982421875,1727.406982421875,23249531113,USD
2022-07-30,1695.969482421875,1695.969482421875,15576977870,USD
2022-07-31,1681.517333984375,1681.517333984375,14200735370,USD
2022-08-01,1635.19580078125,1635.19580078125,16191371176,USD
2022-08-02,1632.9454345703125,1632.9454345703125,20426082309,USD
2022-08-03,1618.87451171875,1618.87451171875,16786218830,USD
2022-08-04,1608.205810546875,1608.205810546875,14467440626,USD
2022-08-05,1732.254638671875,1732.254638671875,18546491876,USD
2022-08-06,1691.6580810546875,1691.6580810546875,11757911705,USD
2022-08-07,1699.350830078125,1699.350830078125,10252090340,USD
2022-08-08,1775.51611328125,1775.51611328125,16841424404,USD
2022-08-09,1703.0250244140625,1703.0250244140625,16368619692,USD
2022-08-10,1851.74267578125,1851.74267578125,23512477984,USD
2022-08-11,1881.22412109375,1881.22412109375,23826986482,USD
2022-08-12,1957.2464599609375,1957.2464599609375,17168141904,USD
2022-08-13,1981.3365478515625,1981.3365478515625,16038975216,USD
2022-08-14,1936.802001953125,1936.802001953125,14062754456,USD
2022-08-15,1904.2281494140625,1904.2281494140625,20349931313,USD
2022-08-16,1878.139404296875,1878.139404296875,15637578930,USD
2022-08-17,1832.9996337890625,1832.9996337890625,20308508124,USD
2022-08-18,1847.0078125,1847.0078125,14999352229,USD
2022-08-19,1612.9873046875,1612.9873046875,25906358731,USD
2022-08-20,1577.0037841796875,1577.0037841796875,18334580263,USD
2022-08-21,1619.3189697265625,1619.3189697265625,15849221752,USD
2022-08-22,1622.505859375,1622.505859375,18557078599,USD
2022-08-23,1662.7698974609375,1662.7698974609375,18322041914,USD
2022-08-24,1657.0592041015625,1657.0592041015625,16780932907,USD
2022-08-25,1696.45703125,1696.45703125,14818795695,USD
2022-08-26,1507.7828369140625,1507.7828369140625,26713710143,USD
2022-08-27,1491.39501953125,1491.39501953125,18120831899,USD
2022-08-28,1430.54736328125,1430.54736328125,12823572918,USD
2022-08-29,1553.037353515625,1553.037353515625,17965837488,USD
2022-08-30,1523.8388671875,1523.8388671875,21835784470,USD
2022-08-31,1553.6849365234375,1553.6849365234375,20591680941,USD
2022-09-01,1586.1767578125,1586.1767578125,16434276817,USD
2022-09-02,1577.220458984375,1577.220458984375,17708478709,USD
2022-09-03,1556.8726806640625,1556.8726806640625,9516825994,USD
2022-09-04,1577.6416015625,1577.6416015625,8884144998,USD
2022-09-05,1617.1832275390625,1617.1832275390625,13060541168,USD
2022-09-06,1561.74853515625,1561.74853515625,22946059125,USD
2022-09-07,1629.9063720703125,1629.9063720703125,19560363854,USD
2022-09-08,1635.34765625,1635.34765625,17621046717,USD
2022-09-09,1719.08544921875,1719.08544921875,20242323690,USD
2022-09-10,1776.2037353515625,1776.2037353515625,13130928217,USD
2022-09-11,1761.800048828125,1761.800048828125,12464301922,USD
2022-09-12,1713.7652587890625,1713.7652587890625,17688391310,USD
2022-09-13,1580.7879638671875,1580.7879638671875,23066821734,USD
2022-09-14,1634.7550048828125,1634.7550048828125,17897150206,USD
2022-09-15,1471.6934814453125,1471.6934814453125,26946275878,USD
2022-09-16,1432.44775390625,1432.44775390625,16764804299,USD
2022-09-17,1469.74169921875,1469.74169921875,10798098671,USD
2022-09-18,1335.3291015625,1335.3291015625,15762284723,USD
2022-09-19,1377.5413818359375,1377.5413818359375,18712714223,USD
2022-09-20,1324.38818359375,1324.38818359375,14722317220,USD
2022-09-21,1252.6077880859375,1252.6077880859375,20643507800,USD
2022-09-22,1327.68017578125,1327.68017578125,18461527259,USD
2022-09-23,1328.259521484375,1328.259521484375,18771106339,USD
2022-09-24,1317.9932861328125,1317.9932861328125,12098209717,USD
2022-09-25,1294.216796875,1294.216796875,11802651633,USD
2022-09-26,1335.3201904296875,1335.3201904296875,16034549271,USD
2022-09-27,1330.127685546875,1330.127685546875,17870598937,USD
2022-09-28,1337.410888671875,1337.410888671875,18994979566,USD
2022-09-29,1335.65234375,1335.65234375,13796915736,USD
2022-09-30,1327.9786376953125,1327.9786376953125,14250100093,USD
2022-10-01,1311.6444091796875,1311.6444091796875,6227961237,USD
2022-10-02,1276.093505859375,1276.093505859375,7578351650,USD
2022-10-03,1323.439208984375,1323.439208984375,10153070907,USD
2022-10-04,1362.1265869140625,1362.1265869140625,10139774963,USD
2022-10-05,1352.837158203125,1352.837158203125,9774451820,USD
2022-10-06,1351.70947265625,1351.70947265625,12033514861,USD
2022-10-07,1332.5169677734375,1332.5169677734375,10061619355,USD
2022-10-08,1315.50048828125,1315.50048828125,5804676208,USD
2022-10-09,1322.604248046875,1322.604248046875,5486230123,USD
2022-10-10,1291.337646484375,1291.337646484375,8794491050,USD
2022-10-11,1279.57568359375,1279.57568359375,9274845260,USD
2022-10-12,1294.9063720703125,1294.9063720703125,8355638578,USD
2022-10-13,1288.1239013671875,1288.1239013671875,17499038202,USD
2022-10-14,1297.422119140625,1297.422119140625,13113767755,USD
2022-10-15,1274.8717041015625,1274.8717041015625,6798512624,USD
2022-10-16,1306.296630859375,1306.296630859375,7491625206,USD
2022-10-17,1331.713623046875,1331.713623046875,9401189650,USD
2022-10-18,1310.447021484375,1310.447021484375,10416747806,USD
2022-10-19,1285.7442626953125,1285.7442626953125,8350692785,USD
2022-10-20,1283.200927734375,1283.200927734375,9009111996,USD
2022-10-21,1299.9464111328125,1299.9464111328125,10412565245,USD
2022-10-22,1314.2991943359375,1314.2991943359375,7175324564,USD
2022-10-23,1363.447021484375,1363.447021484375,9909510925,USD
2022-10-24,1344.99853515625,1344.99853515625,13092820173,USD
2022-10-25,1461.6654052734375,1461.6654052734375,25367291294,USD
2022-10-26,1566.566650390625,1566.566650390625,32705548427,USD
2022-10-27,1514.3748779296875,1514.3748779296875,22813499245,USD
2022-10-28,1555.4779052734375,1555.4779052734375,19974623205,USD
2022-10-29,1619.698486328125,1619.698486328125,21618154775,USD
2022-10-30,1590.7833251953125,1590.7833251953125,13930073427,USD
2022-10-31,1572.7144775390625,1572.7144775390625,19306919714,USD
2022-11-01,1579.70458984375,1579.70458984375,14507311208,USD
2022-11-02,1519.7117919921875,1519.7117919921875,23254218281,USD
2022-11-03,1531.541748046875,1531.541748046875,14248351007,USD
2022-11-04,1645.0933837890625,1645.0933837890625,20806964347,USD
2022-11-05,1627.968017578125,1627.968017578125,11006973190,USD
2022-11-06,1572.2347412109375,1572.2347412109375,11632744705,USD
2022-11-07,1568.59130859375,1568.59130859375,15279963349,USD
2022-11-08,1332.8355712890625,1332.8355712890625,42048003440,USD
2022-11-09,1100.1697998046875,1100.1697998046875,38864492427,USD
2022-11-10,1299.464599609375,1299.464599609375,28581002122,USD
2022-11-11,1287.2210693359375,1287.2210693359375,20920539099,USD
2022-11-12,1255.268310546875,1255.268310546875,10964962767,USD
2022-11-13,1221.8192138671875,1221.8192138671875,10717455214,USD
2022-11-14,1241.604248046875,1241.604248046875,15028035663,USD
2022-11-15,1251.7362060546875,1251.7362060546875,11798011594,USD
2022-11-16,1215.6025390625,1215.6025390625,11939561598,USD
2022-11-17,1200.80859375,1200.80859375,9723646871,USD
2022-11-18,1212.30029296875,1212.30029296875,7979913378,USD
2022-11-19,1218.4267578125,1218.4267578125,5978745776,USD
2022-11-20,1142.4666748046875,1142.4666748046875,9651002684,USD
2022-11-21,1108.35302734375,1108.35302734375,14080099208,USD
2022-11-22,1135.1734619140625,1135.1734619140625,12040670755,USD
2022-11-23,1183.1995849609375,1183.1995849609375,11242676044,USD
2022-11-24,1203.983154296875,1203.983154296875,9706372376,USD
2022-11-25,1198.9259033203125,1198.9259033203125,5483308196,USD
2022-11-26,1205.89794921875,1205.89794921875,5074160558,USD
2022-11-27,1195.126953125,1195.126953125,4486976868,USD
2022-11-28,1170.086181640625,1170.086181640625,7275411870,USD
2022-11-29,1216.9012451171875,1216.9012451171875,7639405818,USD
2022-11-30,1295.6885986328125,1295.6885986328125,9836925304,USD
2022-12-01,1276.27392578125,1276.27392578125,6857935276,USD
2022-12-02,1294.3033447265625,1294.3033447265625,6213645709,USD
2022-12-03,1243.3348388671875,1243.3348388671875,5672609405,USD
2022-12-04,1280.256591796875,1280.256591796875,5174128454,USD
2022-12-05,1259.6767578125,1259.6767578125,6120359523,USD
2022-12-06,1271.65380859375,1271.65380859375,5089212680,USD
2022-12-07,1232.4375,1232.4375,5752205180,USD
2022-12-08,1281.1163330078125,1281.1163330078125,6227269815,USD
2022-12-09,1264.2847900390625,1264.2847900390625,5706183865,USD
2022-12-10,1266.3841552734375,1266.3841552734375,3282499999,USD
2022-12-11,1263.8685302734375,1263.8685302734375,3362005848,USD
2022-12-12,1274.6190185546875,1274.6190185546875,5151109364,USD
2022-12-13,1320.5491943359375,1320.5491943359375,8812883119,USD
2022-12-14,1309.3287353515625,1309.3287353515625,7830915428,USD
2022-12-15,1266.3538818359375,1266.3538818359375,6032859783,USD
2022-12-16,1168.2593994140625,1168.2593994140625,9297811507,USD
2022-12-17,1188.1495361328125,1188.1495361328125,5077258586,USD
2022-12-18,1184.7152099609375,1184.7152099609375,3350092519,USD
2022-12-19,1167.60986328125,1167.60986328125,4943628091,USD
2022-12-20,1217.70361328125,1217.70361328125,6684951715,USD
2022-12-21,1213.5999755859375,1213.5999755859375,4217182733,USD
2022-12-22,1218.18212890625,1218.18212890625,5297471739,USD
2022-12-23,1220.159423828125,1220.159423828125,4835831923,USD
2022-12-24,1221.1485595703125,1221.1485595703125,2626153345,USD
2022-12-25,1218.9620361328125,1218.9620361328125,3942720070,USD
2022-12-26,1226.974365234375,1226.974365234375,3282098400,USD
2022-12-27,1212.7916259765625,1212.7916259765625,4091530737,USD
2022-12-28,1189.986083984375,1189.986083984375,4991669631,USD
2022-12-29,1201.5953369140625,1201.5953369140625,4132233940,USD
2022-12-30,1199.2327880859375,1199.2327880859375,4055668253,USD
2022-12-31,1196.771240234375,1196.771240234375,3018513333,USD
2023-01-01,1200.96484375,1200.96484375,2399674550,USD
2023-01-02,1214.6566162109375,1214.6566162109375,3765758498,USD
2023-01-03,1214.77880859375,1214.77880859375,3392972131,USD
2023-01-04,1256.526611328125,1256.526611328125,6404416893,USD
2023-01-05,1250.4385986328125,1250.4385986328125,4001786456,USD
2023-01-06,1269.3790283203125,1269.3790283203125,4977252792,USD
2023-01-07,1264.2703857421875,1264.2703857421875,2565213548,USD
2023-01-08,1287.3594970703125,1287.3594970703125,3495088905,USD
2023-01-09,1321.5389404296875,1321.5389404296875,7990438824,USD
2023-01-10,1336.5860595703125,1336.5860595703125,5830173253,USD
2023-01-11,1387.9327392578125,1387.9327392578125,6314904311,USD
2023-01-12,1417.9384765625,1417.9384765625,12230193038,USD
2023-01-13,1451.6148681640625,1451.6148681640625,7684148212,USD
2023-01-14,1550.7069091796875,1550.7069091796875,15444626014,USD
2023-01-15,1552.4794921875,1552.4794921875,6774614499,USD
2023-01-16,1576.83349609375,1576.83349609375,8454485431,USD
2023-01-17,1567.8460693359375,1567.8460693359375,7599462786,USD
2023-01-18,1515.5069580078125,1515.5069580078125,10354880595,USD
2023-01-19,1552.5565185546875,1552.5565185546875,6432638856,USD
2023-01-20,1659.754150390625,1659.754150390625,8528894754,USD
2023-01-21,1627.1181640625,1627.1181640625,8859250310,USD
2023-01-22,1628.382080078125,1628.382080078125,7517988734,USD
2023-01-23,1628.2510986328125,1628.2510986328125,8264507375,USD
2023-01-24,1556.604248046875,1556.604248046875,8180274691,USD
2023-01-25,1611.7110595703125,1611.7110595703125,10598973448,USD
2023-01-26,1603.10595703125,1603.10595703125,8395315241,USD
2023-01-27,1598.156494140625,1598.156494140625,8124465373,USD
2023-01-28,1572.43505859375,1572.43505859375,5803653357,USD
2023-01-29,1646.1556396484375,1646.1556396484375,8801292300,USD
2023-01-30,1567.3265380859375,1567.3265380859375,9180418120,USD
2023-01-31,1586.535400390625,1586.535400390625,6585191019,USD
2023-02-01,1641.792724609375,1641.792724609375,8116969489,USD
2023-02-02,1643.2415771484375,1643.2415771484375,10558081069,USD
2023-02-03,1664.74560546875,1664.74560546875,8169519805,USD
2023-02-04,1667.0592041015625,1667.0592041015625,5843302512,USD
2023-02-05,1631.6458740234375,1631.6458740234375,6926696531,USD
2023-02-06,1616.2470703125,1616.2470703125,6919871886,USD
2023-02-07,1672.0035400390625,1672.0035400390625,8030277434,USD
2023-02-08,1650.716796875,1650.716796875,7806089579,USD
2023-02-09,1546.438232421875,1546.438232421875,10524969124,USD
2023-02-10,1514.869140625,1514.869140625,8397387897,USD
2023-02-11,1539.9267578125,1539.9267578125,5064007416,USD
2023-02-12,1515.03369140625,1515.03369140625,5319698775,USD
2023-02-13,1507.1658935546875,1507.1658935546875,9363855114,USD
2023-02-14,1556.8751220703125,1556.8751220703125,9249575045,USD
2023-02-15,1673.7459716796875,1673.7459716796875,10015035156,USD
2023-02-16,1640.067626953125,1640.067626953125,12704861676,USD
2023-02-17,1694.7833251953125,1694.7833251953125,9802443159,USD
2023-02-18,1691.8194580078125,1691.8194580078125,5491437195,USD
2023-02-19,1681.4361572265625,1681.4361572265625,6959144003,USD
2023-02-20,1702.6751708984375,1702.6751708984375,7703604237,USD
2023-02-21,1658.036376953125,1658.036376953125,8721608198,USD
2023-02-22,1643.231689453125,1643.231689453125,9189387004,USD
2023-02-23,1651.0738525390625,1651.0738525390625,9013236167,USD
2023-02-24,1608.3731689453125,1608.3731689453125,8909129423,USD
2023-02-25,1594.9149169921875,1594.9149169921875,5657686235,USD
2023-02-26,1640.817138671875,1640.817138671875,5727967432,USD
2023-02-27,1634.326416015625,1634.326416015625,7239824677,USD
2023-02-28,1605.8951416015625,1605.8951416015625,6323676957,USD
2023-03-01,1663.4337158203125,1663.4337158203125,7701847224,USD
2023-03-02,1647.3193359375,1647.3193359375,7080950926,USD
2023-03-03,1569.1676025390625,1569.1676025390625,9922240199,USD
2023-03-04,1566.9239501953125,1566.9239501953125,4389045367,USD
2023-03-05,1564.46875,1564.46875,5020886238,USD
2023-03-06,1567.398681640625,1567.398681640625,5245153345,USD
2023-03-07,1561.93310546875,1561.93310546875,6854058349,USD
2023-03-08,1534.0882568359375,1534.0882568359375,7130327525,USD
2023-03-09,1438.6607666015625,1438.6607666015625,9457897583,USD
2023-03-10,1429.1580810546875,1429.1580810546875,12665194936,USD
2023-03-11,1482.61669921875,1482.61669921875,14917080154,USD
2023-03-12,1590.29296875,1590.29296875,11480965122,USD
2023-03-13,1680.3089599609375,1680.3089599609375,15711468959,USD
2023-03-14,1703.507080078125,1703.507080078125,16159781303,USD
2023-03-15,1656.1805419921875,1656.1805419921875,12715339905,USD
2023-03-16,1677.2154541015625,1677.2154541015625,9364980166,USD
2023-03-17,1792.485107421875,1792.485107421875,12467445117,USD
2023-03-18,1761.65966796875,1761.65966796875,10317822213,USD
2023-03-19,1785.5765380859375,1785.5765380859375,9170565472,USD
2023-03-20,1735.3212890625,1735.3212890625,10978325507,USD
2023-03-21,1806.7607421875,1806.7607421875,10758627746,USD
2023-03-22,1737.717041015625,1737.717041015625,12484103560,USD
2023-03-23,1816.4051513671875,1816.4051513671875,11012966854,USD
2023-03-24,1752.0447998046875,1752.0447998046875,10913669383,USD
2023-03-25,1743.7647705078125,1743.7647705078125,6614309912,USD
2023-03-26,1775.6767578125,1775.6767578125,6990313307,USD
2023-03-27,1715.4608154296875,1715.4608154296875,8585750760,USD
2023-03-28,1772.78564453125,1772.78564453125,8346890042,USD
2023-03-29,1793.0018310546875,1793.0018310546875,9136176952,USD
2023-03-30,1792.7371826171875,1792.7371826171875,9724496987,USD
2023-03-31,1822.0220947265625,1822.0220947265625,9149379763,USD
2023-04-01,1813.860595703125,1813.860595703125,5556443606,USD
2023-04-02,1795.7081298828125,1795.7081298828125,6199721188,USD
2023-04-03,1810.297119140625,1810.297119140625,9643826401,USD
2023-04-04,1871.005126953125,1871.005126953125,10398322335,USD
2023-04-05,1909.114013671875,1909.114013671875,10319231689,USD
2023-04-06,1872.922607421875,1872.922607421875,8263191830,USD
2023-04-07,1865.6361083984375,1865.6361083984375,8356130492,USD
2023-04-08,1849.4981689453125,1849.4981689453125,5016362733,USD
2023-04-09,1859.3878173828125,1859.3878173828125,6361497715,USD
2023-04-10,1911.20751953125,1911.20751953125,8380134275,USD
2023-04-11,1892.189697265625,1892.189697265625,8877222956,USD
2023-04-12,1920.68212890625,1920.68212890625,11010714187,USD
2023-04-13,2012.6346435546875,2012.6346435546875,12546950499,USD
2023-04-14,2101.635498046875,2101.635498046875,16298099411,USD
2023-04-15,2092.466796875,2092.466796875,8036468153,USD
2023-04-16,2120.005859375,2120.005859375,7898126856,USD
2023-04-17,2076.242919921875,2076.242919921875,9648882546,USD
2023-04-18,2104.537353515625,2104.537353515625,9134015143,USD
2023-04-19,1936.4034423828125,1936.4034423828125,13779745451,USD
2023-04-20,1943.09765625,1943.09765625,11324135406,USD
2023-04-21,1849.9998779296875,1849.9998779296875,12044274581,USD
2023-04-22,1874.2286376953125,1874.2286376953125,6970642726,USD
2023-04-23,1862.06201171875,1862.06201171875,6607451862,USD
2023-04-24,1842.7574462890625,1842.7574462890625,8438191338,USD
2023-04-25,1866.753662109375,1866.753662109375,8677255481,USD
2023-04-26,1866.564208984375,1866.564208984375,14356524696,USD
2023-04-27,1908.786376953125,1908.786376953125,14008145806,USD
2023-04-28,1892.5128173828125,1892.5128173828125,7691759733,USD
2023-04-29,1908.9169921875,1908.9169921875,4796651246,USD
2023-04-30,1876.92431640625,1876.92431640625,6539641957,USD
2023-05-01,1831.954833984375,1831.954833984375,8625783201,USD
2023-05-02,1870.789306640625,1870.789306640625,7536785767,USD
2023-05-03,1904.65185546875,1904.65185546875,8306390869,USD
2023-05-04,1877.7041015625,1877.7041015625,6578438233,USD
2023-05-05,1995.0609130859375,1995.0609130859375,9498261360,USD
2023-05-06,1900.2218017578125,1900.2218017578125,9623243037,USD
2023-05-07,1873.076416015625,1873.076416015625,6883942236,USD
2023-05-08,1849.042724609375,1849.042724609375,9895102899,USD
2023-05-09,1848.6031494140625,1848.6031494140625,6129516088,USD
2023-05-10,1842.4014892578125,1842.4014892578125,9945549603,USD
2023-05-11,1796.4906005859375,1796.4906005859375,8353828312,USD
2023-05-12,1808.019775390625,1808.019775390625,9047198660,USD
2023-05-13,1796.1148681640625,1796.1148681640625,4647630864,USD
2023-05-14,1800.5009765625,1800.5009765625,4711210241,USD
2023-05-15,1817.5499267578125,1817.5499267578125,6748889346,USD
2023-05-16,1824.1214599609375,1824.1214599609375,5595959668,USD
2023-05-17,1821.859619140625,1821.859619140625,6352161579,USD
2023-05-18,1801.728515625,1801.728515625,5673124255,USD
2023-05-19,1812.5894775390625,1812.5894775390625,4796110259,USD
2023-05-20,1820.47802734375,1820.47802734375,2951655969,USD
2023-05-21,1804.5313720703125,1804.5313720703125,3386768865,USD
2023-05-22,1817.5347900390625,1817.5347900390625,4534841049,USD
2023-05-23,1854.380615234375,1854.380615234375,6820047160,USD
2023-05-24,1800.0999755859375,1800.0999755859375,7101647419,USD
2023-05-25,1805.9537353515625,1805.9537353515625,6321689859,USD
2023-05-26,1828.689697265625,1828.689697265625,5451414258,USD
2023-05-27,1831.1182861328125,1831.1182861328125,3216737652,USD
2023-05-28,1910.9141845703125,1910.9141845703125,6359610561,USD
2023-05-29,1893.078125,1893.078125,5884674572,USD
2023-05-30,1901.026611328125,1901.026611328125,5363439784,USD
2023-05-31,1874.1304931640625,1874.1304931640625,5984512548,USD
2023-06-01,1862.201416015625,1862.201416015625,5640027197,USD
2023-06-02,1907.256591796875,1907.256591796875,6097746022,USD
2023-06-03,1892.4124755859375,1892.4124755859375,3472274607,USD
2023-06-04,1890.5135498046875,1890.5135498046875,3747042696,USD
2023-06-05,1811.828369140625,1811.828369140625,9246593033,USD
2023-06-06,1884.494873046875,1884.494873046875,8704411776,USD
2023-06-07,1832.39599609375,1832.39599609375,7919894455,USD
2023-06-08,1846.3018798828125,1846.3018798828125,4536041931,USD
2023-06-09,1840.2252197265625,1840.2252197265625,4610831509,USD
2023-06-10,1752.384765625,1752.384765625,10788500406,USD
2023-06-11,1753.415283203125,1753.415283203125,4559112981,USD
2023-06-12,1742.5286865234375,1742.5286865234375,6031384958,USD
2023-06-13,1739.03759765625,1739.03759765625,6214125203,USD
2023-06-14,1650.519287109375,1650.519287109375,7462905534,USD
2023-06-15,1665.519775390625,1665.519775390625,7328564880,USD
2023-06-16,1716.6688232421875,1716.6688232421875,6281023479,USD
2023-06-17,1727.2041015625,1727.2041015625,4875187477,USD
2023-06-18,1720.5775146484375,1720.5775146484375,3820038842,USD
2023-06-19,1737.659423828125,1737.659423828125,5210480121,USD
2023-06-20,1792.1199951171875,1792.1199951171875,7171072578,USD
2023-06-21,1891.0072021484375,1891.0072021484375,11731457711,USD
2023-06-22,1872.9429931640625,1872.9429931640625,8477657143,USD
2023-06-23,1892.862060546875,1892.862060546875,8290615074,USD
2023-06-24,1876.0596923828125,1876.0596923828125,5026191704,USD
2023-06-25,1900.506103515625,1900.506103515625,6937581709,USD
2023-06-26,1859.432861328125,1859.432861328125,8619702292,USD
2023-06-27,1889.703369140625,1889.703369140625,7686042202,USD
2023-06-28,1827.97119140625,1827.97119140625,7135265016,USD
2023-06-29,1852.227294921875,1852.227294921875,5677228612,USD
2023-06-30,1933.18896484375,1933.18896484375,12895131248,USD
2023-07-01,1924.56591796875,1924.56591796875,5136809625,USD
2023-07-02,1937.4383544921875,1937.4383544921875,6343966490,USD
2023-07-03,1955.38916015625,1955.38916015625,7858509087,USD
2023-07-04,1936.633544921875,1936.633544921875,5683423776,USD
2023-07-05,1910.5880126953125,1910.5880126953125,6034088075,USD
2023-07-06,1848.636474609375,1848.636474609375,8905008384,USD
2023-07-07,1870.6025390625,1870.6025390625,6468885150,USD
2023-07-08,1865.53955078125,1865.53955078125,4299007854,USD
2023-07-09,1863.009765625,1863.009765625,4392863807,USD
2023-07-10,1880.556396484375,1880.556396484375,6336468234,USD
2023-07-11,1878.3360595703125,1878.3360595703125,4905225892,USD
2023-07-12,1872.11376953125,1872.11376953125,6379007000,USD
2023-07-13,2006.511474609375,2006.511474609375,11114853969,USD
2023-07-14,1939.3470458984375,1939.3470458984375,10627449471,USD
2023-07-15,1931.466552734375,1931.466552734375,4380084234,USD
2023-07-16,1923.681884765625,1923.681884765625,4329306566,USD
2023-07-17,1911.6461181640625,1911.6461181640625,6678090758,USD
2023-07-18,1897.5992431640625,1897.5992431640625,5814708445,USD
2023-07-19,1889.0079345703125,1889.0079345703125,6018487800,USD
2023-07-20,1890.9691162109375,1890.9691162109375,7366830684,USD
2023-07-21,1892.080078125,1892.080078125,4668158260,USD
2023-07-22,1864.912353515625,1864.912353515625,4101305643,USD
2023-07-23,1889.191650390625,1889.191650390625,4480604100,USD
2023-07-24,1850.0020751953125,1850.0020751953125,6344373569,USD
2023-07-25,1857.741943359375,1857.741943359375,4163381707,USD
2023-07-26,1872.159912109375,1872.159912109375,5781548155,USD
2023-07-27,1860.357177734375,1860.357177734375,4291339248,USD
2023-07-28,1874.744873046875,1874.744873046875,3800973336,USD
2023-07-29,1881.06884765625,1881.06884765625,2497302218,USD
2023-07-30,1861.643798828125,1861.643798828125,4003005547,USD
2023-07-31,1856.162353515625,1856.162353515625,4391613314,USD
2023-08-01,1871.7921142578125,1871.7921142578125,7634860636,USD
2023-08-02,1839.0897216796875,1839.0897216796875,6448512422,USD
2023-08-03,1835.136474609375,1835.136474609375,4710581074,USD
2023-08-04,1827.712890625,1827.712890625,4861242484,USD
2023-08-05,1834.9879150390625,1834.9879150390625,2866049749,USD
2023-08-06,1827.4620361328125,1827.4620361328125,2963395076,USD
2023-08-07,1826.9388427734375,1826.9388427734375,5837881974,USD
2023-08-08,1855.807373046875,1855.807373046875,5812855406,USD
2023-08-09,1854.297607421875,1854.297607421875,5870081833,USD
2023-08-10,1850.75341796875,1850.75341796875,3760304518,USD
2023-08-11,1847.1243896484375,1847.1243896484375,3353025102,USD
2023-08-12,1848.889892578125,1848.889892578125,2291124840,USD
2023-08-13,1839.2801513671875,1839.2801513671875,3054625661,USD
2023-08-14,1844.185791015625,1844.185791015625,4083364724,USD
2023-08-15,1826.9327392578125,1826.9327392578125,4483923893,USD
2023-08-16,1805.6590576171875,1805.6590576171875,4976573383,USD
2023-08-17,1684.9334716796875,1684.9334716796875,14208462072,USD
2023-08-18,1660.945068359375,1660.945068359375,9645084584,USD
2023-08-19,1669.471923828125,1669.471923828125,4871231360,USD
2023-08-20,1684.85205078125,1684.85205078125,4105056995,USD
2023-08-21,1667.26904296875,1667.26904296875,5077248383,USD
2023-08-22,1633.892578125,1633.892578125,7244623133,USD
2023-08-23,1679.2744140625,1679.2744140625,7191868448,USD
2023-08-24,1659.944580078125,1659.944580078125,5104531920,USD
2023-08-25,1652.93505859375,1652.93505859375,5396997823,USD
2023-08-26,1646.3067626953125,1646.3067626953125,2423247747,USD
2023-08-27,1657.5130615234375,1657.5130615234375,2624065031,USD
2023-08-28,1652.4573974609375,1652.4573974609375,4855588534,USD
2023-08-29,1729.7257080078125,1729.7257080078125,11304916729,USD
2023-08-30,1705.1121826171875,1705.1121826171875,5023904190,USD
2023-08-31,1645.63916015625,1645.63916015625,6593153505,USD
2023-09-01,1628.4912109375,1628.4912109375,6104510092,USD
2023-09-02,1637.025390625,1637.025390625,2943590996,USD
2023-09-03,1636.11767578125,1636.11767578125,3151878318,USD
2023-09-04,1629.6552734375,1629.6552734375,3887968912,USD
2023-09-05,1633.62939453125,1633.62939453125,4417491902,USD
2023-09-06,1632.2523193359375,1632.2523193359375,4987397046,USD
2023-09-07,1647.5982666015625,1647.5982666015625,4907290296,USD
2023-09-08,1636.1378173828125,1636.1378173828125,4598495496,USD
2023-09-09,1635.162353515625,1635.162353515625,2081625742,USD
2023-09-10,1616.828857421875,1616.828857421875,4339499949,USD
2023-09-11,1551.6376953125,1551.6376953125,7693700923,USD
2023-09-12,1592.429443359375,1592.429443359375,6813819740,USD
2023-09-13,1607.988525390625,1607.988525390625,4979469106,USD
2023-09-14,1626.974365234375,1626.974365234375,5538958553,USD
2023-09-15,1641.640380859375,1641.640380859375,4348584771,USD
2023-09-16,1635.2216796875,1635.2216796875,2819575929,USD
2023-09-17,1622.896728515625,1622.896728515625,3032716258,USD
2023-09-18,1637.3470458984375,1637.3470458984375,5916674789,USD
2023-09-19,1643.544677734375,1643.544677734375,4405868861,USD
2023-09-20,1622.890625,1622.890625,5156431986,USD
2023-09-21,1584.3070068359375,1584.3070068359375,5191732312,USD
2023-09-22,1593.268310546875,1593.268310546875,3460791634,USD
2023-09-23,1593.8577880859375,1593.8577880859375,2101436678,USD
2023-09-24,1580.8533935546875,1580.8533935546875,3086456944,USD
2023-09-25,1588.3228759765625,1588.3228759765625,4394930984,USD
2023-09-26,1593.417236328125,1593.417236328125,3544861160,USD
2023-09-27,1597.4912109375,1597.4912109375,5533036096,USD
2023-09-28,1652.8826904296875,1652.8826904296875,6658092168,USD
2023-09-29,1667.94384765625,1667.94384765625,5529687537,USD
2023-09-30,1671.161865234375,1671.161865234375,3155292192,USD
2023-10-01,1733.8104248046875,1733.8104248046875,5054880180,USD
2023-10-02,1663.6275634765625,1663.6275634765625,8420552922,USD
2023-10-03,1656.6856689453125,1656.6856689453125,4742827302,USD
2023-10-04,1647.838134765625,1647.838134765625,5127524863,USD
2023-10-05,1611.4764404296875,1611.4764404296875,5403759057,USD
2023-10-06,1645.83154296875,1645.83154296875,4941208729,USD
2023-10-07,1634.51123046875,1634.51123046875,2578994988,USD
2023-10-08,1633.548583984375,1633.548583984375,3315554175,USD
2023-10-09,1579.806640625,1579.806640625,7020801716,USD
2023-10-10,1567.7130126953125,1567.7130126953125,5254966125,USD
2023-10-11,1566.2547607421875,1566.2547607421875,5416504273,USD
2023-10-12,1539.6124267578125,1539.6124267578125,5003930677,USD
2023-10-13,1552.0894775390625,1552.0894775390625,4575141511,USD
2023-10-14,1555.2568359375,1555.2568359375,2429214718,USD
2023-10-15,1558.06982421875,1558.06982421875,2923337883,USD
2023-10-16,1600.5343017578125,1600.5343017578125,8846928526,USD
2023-10-17,1565.4395751953125,1565.4395751953125,5032686973,USD
2023-10-18,1563.7498779296875,1563.7498779296875,4354138855,USD
2023-10-19,1567.45703125,1567.45703125,5035110867,USD
2023-10-20,1604.6668701171875,1604.6668701171875,6747486127,USD
2023-10-21,1629.304443359375,1629.304443359375,4212179634,USD
2023-10-22,1663.429931640625,1663.429931640625,5248406817,USD
2023-10-23,1765.3826904296875,1765.3826904296875,14362295879,USD
2023-10-24,1784.4375,1784.4375,15888690475,USD
2023-10-25,1787.3975830078125,1787.3975830078125,9439066475,USD
2023-10-26,1804.039306640625,1804.039306640625,11196672635,USD
2023-10-27,1780.0452880859375,1780.0452880859375,7493399771,USD
2023-10-28,1776.6181640625,1776.6181640625,4226112731,USD
2023-10-29,1795.5460205078125,1795.5460205078125,4358528382,USD
2023-10-30,1810.088623046875,1810.088623046875,7534051038,USD
2023-10-31,1816.458984375,1816.458984375,6477922747,USD
2023-11-01,1847.0897216796875,1847.0897216796875,10628825648,USD
2023-11-02,1800.6209716796875,1800.6209716796875,9004197724,USD
2023-11-03,1832.795166015625,1832.795166015625,7622864055,USD
2023-11-04,1857.6986083984375,1857.6986083984375,4845080427,USD
2023-11-05,1894.15771484375,1894.15771484375,8867152645,USD
2023-11-06,1899.83740234375,1899.83740234375,8104122602,USD
2023-11-07,1888.124267578125,1888.124267578125,9203228152,USD
2023-11-08,1889.3223876953125,1889.3223876953125,6751627017,USD
2023-11-09,2120.56103515625,2120.56103515625,24709695029,USD
2023-11-10,2078.289794921875,2078.289794921875,14740624457,USD
2023-11-11,2052.7138671875,2052.7138671875,10228351203,USD
2023-11-12,2045.18701171875,2045.18701171875,7951011698,USD
2023-11-13,2055.265380859375,2055.265380859375,14322027970,USD
2023-11-14,1979.0526123046875,1979.0526123046875,13087862495,USD
2023-11-15,2060.408447265625,2060.408447265625,12626326991,USD
2023-11-16,1960.881591796875,1960.881591796875,14651619483,USD
2023-11-17,1961.28076171875,1961.28076171875,11881648738,USD
2023-11-18,1963.2850341796875,1963.2850341796875,8064677046,USD
2023-11-19,2013.2044677734375,2013.2044677734375,7716048818,USD
2023-11-20,2022.2391357421875,2022.2391357421875,12866464824,USD
2023-11-21,1937.0667724609375,1937.0667724609375,13653500841,USD
2023-11-22,2064.42529296875,2064.42529296875,13372200584,USD
2023-11-23,2062.210693359375,2062.210693359375,7828437946,USD
2023-11-24,2081.152099609375,2081.152099609375,12141148820,USD
2023-11-25,2084.4130859375,2084.4130859375,5362623390,USD
2023-11-26,2063.2861328125,2063.2861328125,8054814154,USD
2023-11-27,2027.4173583984375,2027.4173583984375,10574810069,USD
2023-11-28,2049.338134765625,2049.338134765625,9910633038,USD
2023-11-29,2029.92919921875,2029.92919921875,8945151861,USD
2023-11-30,2052.55615234375,2052.55615234375,8107789163,USD
2023-12-01,2087.139892578125,2087.139892578125,10866891430,USD
2023-12-02,2165.7041015625,2165.7041015625,9130124831,USD
2023-12-03,2193.691650390625,2193.691650390625,8278465782,USD
2023-12-04,2243.2158203125,2243.2158203125,16149367134,USD
2023-12-05,2293.841796875,2293.841796875,15383072559,USD
2023-12-06,2231.661376953125,2231.661376953125,12790612571,USD
2023-12-07,2357.57958984375,2357.57958984375,14766891042,USD
2023-12-08,2358.73193359375,2358.73193359375,12543458699,USD
2023-12-09,2341.17529296875,2341.17529296875,10613312823,USD
2023-12-10,2352.462646484375,2352.462646484375,7369608905,USD
2023-12-11,2224.578857421875,2224.578857421875,17989249470,USD
2023-12-12,2202.0380859375,2202.0380859375,11391132228,USD
2023-12-13,2260.648681640625,2260.648681640625,12576395493,USD
2023-12-14,2316.5791015625,2316.5791015625,12608711052,USD
2023-12-15,2219.33740234375,2219.33740234375,10259157898,USD
2023-12-16,2226.926513671875,2226.926513671875,6866555430,USD
2023-12-17,2196.481201171875,2196.481201171875,7410453853,USD
2023-12-18,2217.2734375,2217.2734375,10366536490,USD
2023-12-19,2177.87255859375,2177.87255859375,10619179629,USD
2023-12-20,2201.911376953125,2201.911376953125,12652290807,USD
2023-12-21,2239.54248046875,2239.54248046875,12616530536,USD
2023-12-22,2326.52490234375,2326.52490234375,16137246310,USD
2023-12-23,2309.04638671875,2309.04638671875,7995772945,USD
2023-12-24,2265.692138671875,2265.692138671875,9450799236,USD
2023-12-25,2272.561767578125,2272.561767578125,8036302656,USD
2023-12-26,2231.46533203125,2231.46533203125,10668581464,USD
2023-12-27,2378.739990234375,2378.739990234375,14161342927,USD
2023-12-28,2347.566162109375,2347.566162109375,15660799060,USD
2023-12-29,2300.690673828125,2300.690673828125,12536968996,USD
2023-12-30,2292.0654296875,2292.0654296875,6888195427,USD
2023-12-31,2281.47119140625,2281.47119140625,6871481744,USD
2024-01-01,2352.327880859375,2352.327880859375,6906765990,USD
2024-01-02,2355.83642578125,2355.83642578125,12910543630,USD
2024-01-03,2210.761962890625,2210.761962890625,19332933581,USD
2024-01-04,2269.0380859375,2269.0380859375,11044564896,USD
2024-01-05,2268.647216796875,2268.647216796875,10860953290,USD
2024-01-06,2241.624755859375,2241.624755859375,5970741680,USD
2024-01-07,2222.865966796875,2222.865966796875,6490053615,USD
2024-01-08,2333.03271484375,2333.03271484375,13830287095,USD
2024-01-09,2344.8271484375,2344.8271484375,14891130716,USD
2024-01-10,2582.103515625,2582.103515625,29042100476,USD
2024-01-11,2619.619140625,2619.619140625,22575246883,USD
2024-01-12,2524.460205078125,2524.460205078125,23623839263,USD
2024-01-13,2576.597900390625,2576.597900390625,12250316867,USD
2024-01-14,2472.2412109375,2472.2412109375,9405587417,USD
2024-01-15,2511.36376953125,2511.36376953125,9700630000,USD
2024-01-16,2587.691162109375,2587.691162109375,11063317095,USD
2024-01-17,2528.369384765625,2528.369384765625,10441017520,USD
2024-01-18,2467.018798828125,2467.018798828125,11900028080,USD
2024-01-19,2489.49853515625,2489.49853515625,11405278376,USD
2024-01-20,2469.589111328125,2469.589111328125,5297826161,USD
2024-01-21,2453.9130859375,2453.9130859375,4578471955,USD
2024-01-22,2310.826416015625,2310.826416015625,13923771728,USD
2024-01-23,2240.68603515625,2240.68603515625,16182147521,USD
2024-01-24,2233.561767578125,2233.561767578125,10134722960,USD
2024-01-25,2217.710205078125,2217.710205078125,9302247037,USD
2024-01-26,2267.19970703125,2267.19970703125,9975117607,USD
2024-01-27,2267.885986328125,2267.885986328125,5144367230,USD
2024-01-28,2257.208740234375,2257.208740234375,7296214994,USD
2024-01-29,2317.064208984375,2317.064208984375,8948195551,USD
2024-01-30,2344.49365234375,2344.49365234375,10173440062,USD
2024-01-31,2282.54443359375,2282.54443359375,10807883277,USD
2024-02-01,2303.82470703125,2303.82470703125,8895583113,USD
2024-02-02,2308.0380859375,2308.0380859375,7186143091,USD
2024-02-03,2296.038330078125,2296.038330078125,4647754021,USD
2024-02-04,2289.546142578125,2289.546142578125,5438100035,USD
2024-02-05,2298.888916015625,2298.888916015625,7277068110,USD
2024-02-06,2372.201904296875,2372.201904296875,9520885493,USD
2024-02-07,2423.7451171875,2423.7451171875,9660628536,USD
2024-02-08,2419.906494140625,2419.906494140625,9941841732,USD
2024-02-09,2487.515625,2487.515625,13634203177,USD
2024-02-10,2501.228271484375,2501.228271484375,6474444159,USD
2024-02-11,2507.570556640625,2507.570556640625,7347245813,USD
2024-02-12,2658.115966796875,2658.115966796875,13022696866,USD
2024-02-13,2642.185302734375,2642.185302734375,18271237044,USD
2024-02-14,2777.90234375,2777.90234375,21448973822,USD
2024-02-15,2824.37890625,2824.37890625,23734481937,USD
2024-02-16,2803.69140625,2803.69140625,17057114638,USD
2024-02-17,2786.672607421875,2786.672607421875,17932379943,USD
2024-02-18,2878.998046875,2878.998046875,23355830478,USD
2024-02-19,2943.57470703125,2943.57470703125,15163110589,USD
2024-02-20,3013.503662109375,3013.503662109375,20341598470,USD
2024-02-21,2970.35546875,2970.35546875,18897136867,USD
2024-02-22,2971.00732421875,2971.00732421875,18058908246,USD
2024-02-23,2921.658203125,2921.658203125,12822717059,USD
2024-02-24,2992.385986328125,2992.385986328125,10701688842,USD
2024-02-25,3112.697265625,3112.697265625,14620450464,USD
2024-02-26,3178.99365234375,3178.99365234375,17504464351,USD
2024-02-27,3244.519287109375,3244.519287109375,21090315368,USD
2024-02-28,3385.703857421875,3385.703857421875,32885894265,USD
2024-02-29,3341.919677734375,3341.919677734375,28469171094,USD
2024-03-01,3435.053955078125,3435.053955078125,16880101987,USD
2024-03-02,3422.0498046875,3422.0498046875,12024340617,USD
2024-03-03,3490.99365234375,3490.99365234375,13643324467,USD
2024-03-04,3630.433837890625,3630.433837890625,26772963830,USD
2024-03-05,3554.964599609375,3554.964599609375,47706899137,USD
2024-03-06,3819.226318359375,3819.226318359375,34938642613,USD
2024-03-07,3874.34765625,3874.34765625,22457177587,USD
2024-03-08,3892.06103515625,3892.06103515625,26135487051,USD
2024-03-09,3915.4189453125,3915.4189453125,11926623780,USD
2024-03-10,3881.193115234375,3881.193115234375,15783924355,USD
2024-03-11,4066.445068359375,4066.445068359375,28806262507,USD
2024-03-12,3980.273193359375,3980.273193359375,26917010932,USD
2024-03-13,4006.45703125,4006.45703125,22028114691,USD
2024-03-14,3883.140380859375,3883.140380859375,25434810823,USD
2024-03-15,3735.22021484375,3735.22021484375,33505075433,USD
2024-03-16,3522.860107421875,3522.860107421875,20199855932,USD
2024-03-17,3642.4130859375,3642.4130859375,19938757095,USD
2024-03-18,3517.985107421875,3517.985107421875,21162220224,USD
2024-03-19,3157.6181640625,3157.6181640625,34166976701,USD
2024-03-20,3513.39306640625,3513.39306640625,36605316331,USD
2024-03-21,3492.9912109375,3492.9912109375,22213647922,USD
2024-03-22,3333.68798828125,3333.68798828125,20574952329,USD
2024-03-23,3336.593994140625,3336.593994140625,13242137554,USD
2024-03-24,3454.636474609375,3454.636474609375,12156660941,USD
2024-03-25,3590.8837890625,3590.8837890625,18603921705,USD
2024-03-26,3587.5048828125,3587.5048828125,18505553577,USD
2024-03-27,3500.115234375,3500.115234375,18753082145,USD
2024-03-28,3561.2939453125,3561.2939453125,16419674157,USD
2024-03-29,3511.80615234375,3511.80615234375,12712701619,USD
2024-03-30,3507.9443359375,3507.9443359375,9389066783,USD
2024-03-31,3647.8564453125,3647.8564453125,10499881424,USD
2024-04-01,3505.030029296875,3505.030029296875,16002098681,USD
2024-04-02,3277.234619140625,3277.234619140625,22076539151,USD
2024-04-03,3311.44189453125,3311.44189453125,16010734587,USD
2024-04-04,3330.04052734375,3330.04052734375,14476330517,USD
2024-04-05,3318.88525390625,3318.88525390625,15214447092,USD
2024-04-06,3354.183837890625,3354.183837890625,8956926798,USD
2024-04-07,3453.49462890625,3453.49462890625,9931108526,USD
2024-04-08,3695.292724609375,3695.292724609375,19055143129,USD
2024-04-09,3505.163330078125,3505.163330078125,18279773833,USD
2024-04-10,3543.737060546875,3543.737060546875,16872482726,USD
2024-04-11,3505.247802734375,3505.247802734375,14076734489,USD
2024-04-12,3243.034912109375,3243.034912109375,22104869556,USD
2024-04-13,3004.900390625,3004.900390625,29930408174,USD
2024-04-14,3156.94189453125,3156.94189453125,25486284994,USD
2024-04-15,3101.600341796875,3101.600341796875,21925843181,USD
2024-04-16,3084.920166015625,3084.920166015625,19441391169,USD
2024-04-17,2984.7275390625,2984.7275390625,17711869375,USD
2024-04-18,3066.027587890625,3066.027587890625,15183777035,USD
2024-04-19,3059.278564453125,3059.278564453125,20399982867,USD
2024-04-20,3157.627197265625,3157.627197265625,9918642130,USD
2024-04-21,3147.28857421875,3147.28857421875,9394387894,USD
2024-04-22,3201.652099609375,3201.652099609375,12063858733,USD
2024-04-23,3219.91162109375,3219.91162109375,11054442653,USD
2024-04-24,3139.80517578125,3139.80517578125,14000234760,USD
2024-04-25,3156.509521484375,3156.509521484375,13989030260,USD
2024-04-26,3130.164794921875,3130.164794921875,10622333862,USD
2024-04-27,3252.168212890625,3252.168212890625,11820785577,USD
2024-04-28,3262.774658203125,3262.774658203125,11379192678,USD
2024-04-29,3215.428955078125,3215.428955078125,15032246816,USD
2024-04-30,3012.286865234375,3012.286865234375,18266894653,USD
2024-05-01,2969.78466796875,2969.78466796875,20005057445,USD
2024-05-02,2988.16845703125,2988.16845703125,13163903903,USD
2024-05-03,3103.5419921875,3103.5419921875,12862183229,USD
2024-05-04,3117.576416015625,3117.576416015625,8283229638,USD
2024-05-05,3137.2490234375,3137.2490234375,8783447639,USD
2024-05-06,3062.728759765625,3062.728759765625,13008587255,USD
2024-05-07,3006.5771484375,3006.5771484375,11743187337,USD
2024-05-08,2973.6572265625,2973.6572265625,11791662158,USD
2024-05-09,3036.0205078125,3036.0205078125,10861947179,USD
2024-05-10,2909.791259765625,2909.791259765625,12278653601,USD
2024-05-11,2911.60205078125,2911.60205078125,6795916454,USD
2024-05-12,2928.701904296875,2928.701904296875,5908941395,USD
2024-05-13,2949.359619140625,2949.359619140625,13352264795,USD
2024-05-14,2881.157958984375,2881.157958984375,12444516140,USD
2024-05-15,3037.056640625,3037.056640625,14666902956,USD
2024-05-16,2945.131103515625,2945.131103515625,13035465176,USD
2024-05-17,3094.11865234375,3094.11865234375,14449438097,USD
2024-05-18,3122.948974609375,3122.948974609375,9407051320,USD
2024-05-19,3071.843017578125,3071.843017578125,8747800800,USD
2024-05-20,3663.85546875,3663.85546875,31228143948,USD
2024-05-21,3789.312744140625,3789.312744140625,37643853967,USD
2024-05-22,3737.2177734375,3737.2177734375,25155809461,USD
2024-05-23,3776.92724609375,3776.92724609375,45623656317,USD
2024-05-24,3726.9345703125,3726.9345703125,22257061429,USD
2024-05-25,3749.236572265625,3749.236572265625,10000027764,USD
2024-05-26,3825.8974609375,3825.8974609375,14650794791,USD
2024-05-27,3892.0068359375,3892.0068359375,18949181813,USD
2024-05-28,3840.25634765625,3840.25634765625,19846044324,USD
2024-05-29,3763.196533203125,3763.196533203125,17411416736,USD
2024-05-30,3746.849609375,3746.849609375,15065849797,USD
2024-05-31,3760.026611328125,3760.026611328125,15290700646,USD
2024-06-01,3813.198974609375,3813.198974609375,8661024535,USD
2024-06-02,3780.89599609375,3780.89599609375,11126903059,USD
2024-06-03,3766.38916015625,3766.38916015625,14082454300,USD
2024-06-04,3812.515869140625,3812.515869140625,13331489271,USD
2024-06-05,3864.260986328125,3864.260986328125,15480034434,USD
2024-06-06,3811.60595703125,3811.60595703125,13606583873,USD
2024-06-07,3678.629150390625,3678.629150390625,18220286186,USD
2024-06-08,3680.949951171875,3680.949951171875,9096091805,USD
2024-06-09,3705.90380859375,3705.90380859375,7910768788,USD
2024-06-10,3666.717529296875,3666.717529296875,10377300126,USD
2024-06-11,3498.33056640625,3498.33056640625,19184721538,USD
2024-06-12,3559.61767578125,3559.61767578125,17142905351,USD
2024-06-13,3469.28125,3469.28125,14472382154,USD
2024-06-14,3480.27197265625,3480.27197265625,15793876596,USD
2024-06-15,3565.549560546875,3565.549560546875,12733651076,USD
2024-06-16,3620.5634765625,3620.5634765625,9878388158,USD
2024-06-17,3511.37890625,3511.37890625,17838856988,USD
2024-06-18,3483.681396484375,3483.681396484375,21022514455,USD
2024-06-19,3559.347412109375,3559.347412109375,15275373778,USD
2024-06-20,3511.0869140625,3511.0869140625,16115123753,USD
2024-06-21,3516.07568359375,3516.07568359375,15933353456,USD
2024-06-22,3494.8134765625,3494.8134765625,7423703673,USD
2024-06-23,3418.61181640625,3418.61181640625,9418141333,USD
2024-06-24,3350.25634765625,3350.25634765625,23137744903,USD
2024-06-25,3395.029052734375,3395.029052734375,13235546063,USD
2024-06-26,3369.477294921875,3369.477294921875,11694054195,USD
2024-06-27,3444.800537109375,3444.800537109375,11771834016,USD
2024-06-28,3373.635986328125,3373.635986328125,12861158844,USD
2024-06-29,3372.9677734375,3372.9677734375,6584792001,USD
2024-06-30,3432.88916015625,3432.88916015625,8396416013,USD
2024-07-01,3440.341552734375,3440.341552734375,12281551839,USD
2024-07-02,3416.354736328125,3416.354736328125,9421757718,USD
2024-07-03,3292.916748046875,3292.916748046875,16121324440,USD
2024-07-04,3054.52197265625,3054.52197265625,20252514386,USD
2024-07-05,2981.5986328125,2981.5986328125,31131942647,USD
2024-07-06,3069.3779296875,3069.3779296875,11586293705,USD
2024-07-07,2929.38720703125,2929.38720703125,10857947538,USD
2024-07-08,3018.73193359375,3018.73193359375,22627377457,USD
2024-07-09,3064.032958984375,3064.032958984375,15269945822,USD
2024-07-10,3102.21875,3102.21875,14578679176,USD
2024-07-11,3100.330810546875,3100.330810546875,15230095766,USD
2024-07-12,3134.15869140625,3134.15869140625,12751638331,USD
2024-07-13,3177.19873046875,3177.19873046875,8565105946,USD
2024-07-14,3244.0791015625,3244.0791015625,10517709666,USD
2024-07-15,3489.552734375,3489.552734375,18305490390,USD
2024-07-16,3443.513427734375,3443.513427734375,20446664416,USD
2024-07-17,3388.75244140625,3388.75244140625,16739123962,USD
2024-07-18,3426.258544921875,3426.258544921875,15035622003,USD
2024-07-19,3505.73486328125,3505.73486328125,17705629736,USD
2024-07-20,3519.29541015625,3519.29541015625,10360198325,USD
2024-07-21,3536.60546875,3536.60546875,13845913681,USD
2024-07-22,3440.419921875,3440.419921875,18723199034,USD
2024-07-23,3481.995849609375,3481.995849609375,24468405650,USD
2024-07-24,3336.33935546875,3336.33935546875,16040945448,USD
2024-07-25,3174.42724609375,3174.42724609375,25293745810,USD
2024-07-26,3275.951416015625,3275.951416015625,15993893521,USD
2024-07-27,3247.60791015625,3247.60791015625,15198233287,USD
2024-07-28,3271.464599609375,3271.464599609375,8959236446,USD
2024-07-29,3320.539306640625,3320.539306640625,18334852719,USD
2024-07-30,3278.667724609375,3278.667724609375,14045773047,USD
2024-07-31,3231.295654296875,3231.295654296875,16135380637,USD
2024-08-01,3201.564453125,3201.564453125,20217639556,USD
2024-08-02,2986.01318359375,2986.01318359375,21400241741,USD
2024-08-03,2903.3857421875,2903.3857421875,17844091431,USD
2024-08-04,2686.39892578125,2686.39892578125,21139601426,USD
2024-08-05,2417.206298828125,2417.206298828125,67668132244,USD
2024-08-06,2458.723876953125,2458.723876953125,26041995921,USD
2024-08-07,2336.58935546875,2336.58935546875,24264218606,USD
2024-08-08,2683.352783203125,2683.352783203125,23468291180,USD
2024-08-09,2599.5986328125,2599.5986328125,17907141655,USD
2024-08-10,2610.02294921875,2610.02294921875,9361014219,USD
2024-08-11,2553.252197265625,2553.252197265625,13595441987,USD
2024-08-12,2724.431884765625,2724.431884765625,21653090666,USD
2024-08-13,2703.671875,2703.671875,16383053029,USD
2024-08-14,2662.914794921875,2662.914794921875,15825365408,USD
2024-08-15,2570.087646484375,2570.087646484375,16345801912,USD
2024-08-16,2593.1865234375,2593.1865234375,13275561555,USD
2024-08-17,2614.546875,2614.546875,6676568717,USD
2024-08-18,2613.357177734375,2613.357177734375,9207267415,USD
2024-08-19,2637.306396484375,2637.306396484375,11968963282,USD
2024-08-20,2573.10693359375,2573.10693359375,13249483464,USD
2024-08-21,2631.3955078125,2631.3955078125,12766015263,USD
2024-08-22,2622.951416015625,2622.951416015625,10723280428,USD
2024-08-23,2764.447021484375,2764.447021484375,16857181970,USD
2024-08-24,2769.3896484375,2769.3896484375,11765811307,USD
2024-08-25,2749.15771484375,2749.15771484375,9375535539,USD
2024-08-26,2681.340576171875,2681.340576171875,12282035835,USD
2024-08-27,2458.7265625,2458.7265625,18028996056,USD
2024-08-28,2528.41552734375,2528.41552734375,20359545410,USD
2024-08-29,2528.792724609375,2528.792724609375,13946434277,USD
2024-08-30,2525.822021484375,2525.822021484375,15526218255,USD
2024-08-31,2513.393798828125,2513.393798828125,6646876013,USD
2024-09-01,2427.90234375,2427.90234375,11800443265,USD
2024-09-02,2538.187255859375,2538.187255859375,12520444224,USD
2024-09-03,2420.603759765625,2420.603759765625,11406800197,USD
2024-09-04,2448.97705078125,2448.97705078125,16709600747,USD
2024-09-05,2367.737548828125,2367.737548828125,13632325040,USD
2024-09-06,2223.87646484375,2223.87646484375,25825618367,USD
2024-09-07,2274.107177734375,2274.107177734375,11124608320,USD
2024-09-08,2297.29296875,2297.29296875,10718443487,USD
2024-09-09,2358.482177734375,2358.482177734375,15887712451,USD
2024-09-10,2389.5810546875,2389.5810546875,12795818970,USD
2024-09-11,2339.841552734375,2339.841552734375,15355180967,USD
2024-09-12,2361.78173828125,2361.78173828125,12162634681,USD
2024-09-13,2441.607177734375,2441.607177734375,13759640866,USD
2024-09-14,2418.595703125,2418.595703125,8170291680,USD
2024-09-15,2320.897216796875,2320.897216796875,10155470375,USD
2024-09-16,2295.28369140625,2295.28369140625,16819033263,USD
2024-09-17,2341.707763671875,2341.707763671875,15356783863,USD
2024-09-18,2369.72900390625,2369.72900390625,18159056422,USD
2024-09-19,2464.752197265625,2464.752197265625,18437147349,USD
2024-09-20,2561.072021484375,2561.072021484375,19112788620,USD
2024-09-21,2615.857177734375,2615.857177734375,10797825021,USD
2024-09-22,2582.862548828125,2582.862548828125,13180663011,USD
2024-09-23,2648.54638671875,2648.54638671875,19912841456,USD
2024-09-24,2654.35498046875,2654.35498046875,16658812503,USD
2024-09-25,2579.388671875,2579.388671875,14119729962,USD
2024-09-26,2632.199951171875,2632.199951171875,17336033595,USD
2024-09-27,2695.900634765625,2695.900634765625,17023020294,USD
2024-09-28,2677.5390625,2677.5390625,10252590559,USD
2024-09-29,2659.346923828125,2659.346923828125,11126215671,USD
2024-09-30,2603.062744140625,2603.062744140625,17826446789,USD
2024-10-01,2448.921142578125,2448.921142578125,25482371785,USD
2024-10-02,2365.231689453125,2365.231689453125,20148256472,USD
2024-10-03,2349.791259765625,2349.791259765625,18051447791,USD
2024-10-04,2414.7939453125,2414.7939453125,14879264082,USD
2024-10-05,2415.6318359375,2415.6318359375,8152969183,USD
2024-10-06,2439.957763671875,2439.957763671875,8458690205,USD
2024-10-07,2421.796630859375,2421.796630859375,17414044416,USD
2024-10-08,2439.8408203125,2439.8408203125,14067361080,USD
2024-10-09,2368.283447265625,2368.283447265625,14954047093,USD
2024-10-10,2383.85791015625,2383.85791015625,15327769940,USD
2024-10-11,2436.513427734375,2436.513427734375,13489061564,USD
2024-10-12,2476.523193359375,2476.523193359375,9372169184,USD
2024-10-13,2467.677001953125,2467.677001953125,9189490605,USD
2024-10-14,2628.89990234375,2628.89990234375,21434687898,USD
2024-10-15,2606.02197265625,2606.02197265625,22003780898,USD
2024-10-16,2611.10205078125,2611.10205078125,17012396419,USD
2024-10-17,2604.2734375,2604.2734375,15150712321,USD
2024-10-18,2641.55224609375,2641.55224609375,17043738652,USD
2024-10-19,2648.656982421875,2648.656982421875,8557834553,USD
2024-10-20,2746.364013671875,2746.364013671875,14559296242,USD
2024-10-21,2665.712158203125,2665.712158203125,17328615363,USD
2024-10-22,2620.197509765625,2620.197509765625,15541911074,USD
2024-10-23,2509.098876953125,2509.098876953125,17876984551,USD
2024-10-24,2534.49853515625,2534.49853515625,16128627601,USD
2024-10-25,2435.93408203125,2435.93408203125,22560233078,USD
2024-10-26,2479.603271484375,2479.603271484375,13597102184,USD
2024-10-27,2505.940673828125,2505.940673828125,9801434566,USD
2024-10-28,2565.34814453125,2565.34814453125,18971841402,USD
2024-10-29,2637.95751953125,2637.95751953125,22185845095,USD
2024-10-30,2657.37255859375,2657.37255859375,22382690746,USD
2024-10-31,2515.79931640625,2515.79931640625,19760409505,USD
2024-11-01,2511.885498046875,2511.885498046875,20215438328,USD
2024-11-02,2491.068603515625,2491.068603515625,9639457439,USD
2024-11-03,2456.42529296875,2456.42529296875,15667779706,USD
2024-11-04,2397.0263671875,2397.0263671875,17110200696,USD
2024-11-05,2422.650634765625,2422.650634765625,17894057485,USD
2024-11-06,2724.169189453125,2724.169189453125,41887574364,USD
2024-11-07,2895.58544921875,2895.58544921875,35352318438,USD
2024-11-08,2962.296630859375,2962.296630859375,32303261101,USD
2024-11-09,3131.14453125,3131.14453125,29210133088,USD
2024-11-10,3191.331298828125,3191.331298828125,47418730187,USD
2024-11-11,3374.81298828125,3374.81298828125,55417771668,USD
2024-11-12,3246.25732421875,3246.25732421875,56686078066,USD
2024-11-13,3192.595947265625,3192.595947265625,52010205682,USD
2024-11-14,3058.94873046875,3058.94873046875,35743352141,USD
2024-11-15,3103.04052734375,3103.04052734375,32701369872,USD
2024-11-16,3133.27392578125,3133.27392578125,26650658846,USD
2024-11-17,3075.66162109375,3075.66162109375,28348163224,USD
2024-11-18,3207.8564453125,3207.8564453125,35445557613,USD
2024-11-19,3111.384033203125,3111.384033203125,29823634432,USD
2024-11-20,3072.18798828125,3072.18798828125,29785491216,USD
2024-11-21,3361.053955078125,3361.053955078125,51619069348,USD
2024-11-22,3331.600830078125,3331.600830078125,36775716442,USD
2024-11-23,3396.223388671875,3396.223388671875,38835184688,USD
2024-11-24,3363.659912109375,3363.659912109375,27901454185,USD
2024-11-25,3413.5439453125,3413.5439453125,51544793988,USD
2024-11-26,3326.517333984375,3326.517333984375,39902959158,USD
2024-11-27,3657.249267578125,3657.249267578125,43383987191,USD
2024-11-28,3579.8115234375,3579.8115234375,32362724276,USD
2024-11-29,3593.494384765625,3593.494384765625,27622629486,USD
2024-11-30,3705.705322265625,3705.705322265625,30670867436,USD
2024-12-01,3711.1650390625,3711.1650390625,28018113530,USD
2024-12-02,3644.198486328125,3644.198486328125,47284967570,USD
2024-12-03,3620.711669921875,3620.711669921875,36839829742,USD
2024-12-04,3841.3310546875,3841.3310546875,56799745752,USD
2024-12-05,3811.00830078125,3811.00830078125,60568296606,USD
2024-12-06,4005.810546875,4005.810546875,52853668566,USD
2024-12-07,4002.692626953125,4002.692626953125,22574636761,USD
2024-12-08,4005.70458984375,4005.70458984375,20943378971,USD
2024-12-09,3718.6904296875,3718.6904296875,57029832059,USD
2024-12-10,3631.833740234375,3631.833740234375,58416417599,USD
2024-12-11,3832.822021484375,3832.822021484375,35968053196,USD
2024-12-12,3883.1015625,3883.1015625,42971675764,USD
2024-12-13,3911.205322265625,3911.205322265625,34895127659,USD
2024-12-14,3868.4052734375,3868.4052734375,28756190559,USD
2024-12-15,3951.941162109375,3951.941162109375,25069616984,USD
2024-12-16,3987.48095703125,3987.48095703125,46536359669,USD
2024-12-17,3886.76611328125,3886.76611328125,35418700472,USD
2024-12-18,3618.791259765625,3618.791259765625,48946681636,USD
2024-12-19,3417.927978515625,3417.927978515625,58879190250,USD
2024-12-20,3472.553466796875,3472.553466796875,66383827229,USD
2024-12-21,3337.222412109375,3337.222412109375,31579389836,USD
2024-12-22,3277.53515625,3277.53515625,24780768375,USD
2024-12-23,3415.785400390625,3415.785400390625,34496081389,USD
2024-12-24,3492.0498046875,3492.0498046875,23083678195,USD
2024-12-25,3493.2353515625,3493.2353515625,17651873225,USD
2024-12-26,3331.225830078125,3331.225830078125,22247726776,USD
2024-12-27,3328.9169921875,3328.9169921875,24091627403,USD
2024-12-28,3397.90234375,3397.90234375,14305648523,USD
2024-12-29,3349.513427734375,3349.513427734375,13440907792,USD
2024-12-30,3356.392578125,3356.392578125,26981583962,USD
2024-12-31,3332.53173828125,3332.53173828125,20845452085,USD
2025-01-01,3353.504150390625,3353.504150390625,14195410493,USD
2025-01-02,3451.392578125,3451.392578125,22243574698,USD
2025-01-03,3605.009765625,3605.009765625,21877299255,USD
2025-01-04,3657.706787109375,3657.706787109375,16060610759,USD
2025-01-05,3634.103759765625,3634.103759765625,12830306908,USD
2025-01-06,3688.611328125,3688.611328125,23973574043,USD
2025-01-07,3381.577392578125,3381.577392578125,32235312545,USD
2025-01-08,3326.329345703125,3326.329345703125,34337730882,USD
2025-01-09,3219.4306640625,3219.4306640625,28815726276,USD
2025-01-10,3267.489990234375,3267.489990234375,26503845190,USD
2025-01-11,3282.2177734375,3282.2177734375,11772144561,USD
2025-01-12,3265.951171875,3265.951171875,11647743556,USD
2025-01-13,3135.499755859375,3135.499755859375,39911742769,USD
2025-01-14,3223.6845703125,3223.6845703125,22847737224,USD
2025-01-15,3450.53759765625,3450.53759765625,25991614661,USD
2025-01-16,3308.34521484375,3308.34521484375,26395516475,USD
2025-01-17,3474.107177734375,3474.107177734375,28200207229,USD
2025-01-18,3305.78955078125,3305.78955078125,32420094038,USD
2025-01-19,3208.96435546875,3208.96435546875,57242875399,USD
2025-01-20,3278.035400390625,3278.035400390625,52383187336,USD
2025-01-21,3327.40625,3327.40625,32804001146,USD
2025-01-22,3240.224609375,3240.224609375,22171220981,USD
2025-01-23,3334.714111328125,3334.714111328125,32419520084,USD
2025-01-24,3309.554931640625,3309.554931640625,25578325671,USD
2025-01-25,3317.26953125,3317.26953125,13744316078,USD
2025-01-26,3236.13427734375,3236.13427734375,14471528757,USD
2025-01-27,3178.92041015625,3178.92041015625,39412486482,USD
2025-01-28,3077.112548828125,3077.112548828125,20718206194,USD
2025-01-29,3112.9990234375,3112.9990234375,22727786058,USD
2025-01-30,3247.780029296875,3247.780029296875,19958405782,USD
2025-01-31,3298.26513671875,3298.26513671875,30128115902,USD
2025-02-01,3118.32861328125,3118.32861328125,19917507079,USD
2025-02-02,2868.69287109375,2868.69287109375,42060930305,USD
2025-02-03,2884.566650390625,2884.566650390625,92453553253,USD
2025-02-04,2735.05126953125,2735.05126953125,48795275985,USD
2025-02-05,2787.779052734375,2787.779052734375,31960764447,USD
2025-02-06,2688.40087890625,2688.40087890625,29500645692,USD
2025-02-07,2622.211181640625,2622.211181640625,29526663418,USD
2025-02-08,2632.308349609375,2632.308349609375,17059263074,USD
2025-02-09,2628.72119140625,2628.72119140625,17517088276,USD
2025-02-10,2661.166748046875,2661.166748046875,19414208113,USD
2025-02-11,2602.781982421875,2602.781982421875,21156550492,USD
2025-02-12,2736.902099609375,2736.902099609375,26919387954,USD
2025-02-13,2675.902587890625,2675.902587890625,19481004625,USD
2025-02-14,2726.091552734375,2726.091552734375,17732289901,USD
2025-02-15,2693.559814453125,2693.559814453125,10803019357,USD
2025-02-16,2663.31591796875,2663.31591796875,10593602117,USD
2025-02-17,2743.19970703125,2743.19970703125,24170425078,USD
2025-02-18,2669.3388671875,2669.3388671875,23004152928,USD
2025-02-19,2715.77099609375,2715.77099609375,15272401903,USD
2025-02-20,2740.386474609375,2740.386474609375,15917259320,USD
2025-02-21,2659.655517578125,2659.655517578125,31441524621,USD
2025-02-22,2764.029296875,2764.029296875,16403164397,USD
2025-02-23,2821.310302734375,2821.310302734375,20493767269,USD
2025-02-24,2513.8212890625,2513.8212890625,29127380459,USD
2025-02-25,2493.592529296875,2493.592529296875,40044790246,USD
2025-02-26,2331.45263671875,2331.45263671875,28815111323,USD
2025-02-27,2305.484375,2305.484375,24286213447,USD
2025-02-28,2237.9052734375,2237.9052734375,35737904667,USD
2025-03-01,2216.643310546875,2216.643310546875,16135258239,USD
2025-03-02,2519.694580078125,2519.694580078125,34854193845,USD
2025-03-03,2145.573974609375,2145.573974609375,31473561910,USD
2025-03-04,2170.01513671875,2170.01513671875,33935738380,USD
2025-03-05,2241.977294921875,2241.977294921875,22105432727,USD
2025-03-06,2202.476806640625,2202.476806640625,18509069102,USD
2025-03-07,2138.987548828125,2138.987548828125,22425792863,USD
2025-03-08,2201.51025390625,2201.51025390625,10533204814,USD
2025-03-09,2015.5091552734375,2015.5091552734375,16103964994,USD
2025-03-10,1861.1513671875,1861.1513671875,35005066442,USD
2025-03-11,1919.844970703125,1919.844970703125,30898385863,USD
2025-03-12,1908.982666015625,1908.982666015625,22898872951,USD
2025-03-13,1862.9696044921875,1862.9696044921875,17977225564,USD
2025-03-14,1909.467529296875,1909.467529296875,12122715282,USD
2025-03-15,1937.3946533203125,1937.3946533203125,6456484591,USD
2025-03-16,1887.43505859375,1887.43505859375,9292997638,USD
2025-03-17,1927.0029296875,1927.0029296875,10436892087,USD
2025-03-18,1932.54345703125,1932.54345703125,10170844746,USD
2025-03-19,2057.7490234375,2057.7490234375,20065206266,USD
2025-03-20,1982.099853515625,1982.099853515625,13217865782,USD
2025-03-21,1964.8475341796875,1964.8475341796875,9708125480,USD
2025-03-22,1980.037841796875,1980.037841796875,6117036512,USD
2025-03-23,2005.2991943359375,2005.2991943359375,7522339707,USD
2025-03-24,2077.47900390625,2077.47900390625,14044912402,USD
2025-03-25,2067.76416015625,2067.76416015625,11735658914,USD
2025-03-26,2009.1893310546875,2009.1893310546875,13178523590,USD
2025-03-27,2002.357421875,2002.357421875,11593274543,USD
2025-03-28,1895.5029296875,1895.5029296875,18160526498,USD
2025-03-29,1827.3203125,1827.3203125,12194771785,USD
2025-03-30,1806.2186279296875,1806.2186279296875,9854857162,USD
2025-03-31,1823.47998046875,1823.47998046875,15765030938,USD
2025-04-01,1905.491455078125,1905.491455078125,15001220420,USD
2025-04-02,1795.313232421875,1795.313232421875,22593742104,USD
2025-04-03,1815.63720703125,1815.63720703125,16450974373,USD
2025-04-04,1815.335205078125,1815.335205078125,18061720814,USD
2025-04-05,1805.9732666015625,1805.9732666015625,6374712479,USD
2025-04-06,1576.72802734375,1576.72802734375,22154445576,USD
2025-04-07,1555.240966796875,1555.240966796875,46073959047,USD
2025-04-08,1472.5531005859375,1472.5531005859375,21315312919,USD
2025-04-09,1668.0400390625,1668.0400390625,39252195855,USD
2025-04-10,1522.518798828125,1522.518798828125,21379604307,USD
2025-04-11,1567.1497802734375,1567.1497802734375,14871838813,USD
2025-04-12,1643.528564453125,1643.528564453125,12110995013,USD
2025-04-13,1596.685791015625,1596.685791015625,13909890792,USD
2025-04-14,1622.7698974609375,1622.7698974609375,16518325094,USD
2025-04-15,1588.6324462890625,1588.6324462890625,13175452875,USD
2025-04-16,1578.1053466796875,1578.1053466796875,15339621551,USD
2025-04-17,1582.54833984375,1582.54833984375,11312160796,USD
2025-04-18,1588.9246826171875,1588.9246826171875,7123507323,USD
2025-04-19,1612.9228515625,1612.9228515625,7168138700,USD
2025-04-20,1587.5142822265625,1587.5142822265625,7642784469,USD
2025-04-21,1579.7344970703125,1579.7344970703125,15403785611,USD
2025-04-22,1757.3316650390625,1757.3316650390625,23747917555,USD
2025-04-23,1796.104248046875,1796.104248046875,22904644756,USD
2025-04-24,1769.8316650390625,1769.8316650390625,15207402759,USD
2025-04-25,1786.634521484375,1786.634521484375,17459399281,USD
2025-04-26,1821.881103515625,1821.881103515625,11926379867,USD
2025-04-27,1792.864990234375,1792.864990234375,11321944113,USD
2025-04-28,1798.851806640625,1798.851806640625,17043640437,USD
2025-04-29,1799.1756591796875,1799.1756591796875,14734257744,USD
2025-04-30,1793.775390625,1793.775390625,14810431362,USD
2025-05-01,1839.2215576171875,1839.2215576171875,15861442721,USD
2025-05-02,1842.7078857421875,1842.7078857421875,13570171872,USD
2025-05-03,1833.8397216796875,1833.8397216796875,8344452620,USD
2025-05-04,1808.59423828125,1808.59423828125,8918979887,USD
2025-05-05,1819.697509765625,1819.697509765625,11389336489,USD
2025-05-06,1815.0875244140625,1815.0875244140625,13206516310,USD
2025-05-07,1811.606689453125,1811.606689453125,50540755039,USD
2025-05-08,2206.5146484375,2206.5146484375,37777245241,USD
2025-05-09,2345.50732421875,2345.50732421875,43766026875,USD
2025-05-10,2582.422607421875,2582.422607421875,30265913403,USD
2025-05-11,2510.23779296875,2510.23779296875,26496368543,USD
2025-05-12,2496.397705078125,2496.397705078125,32121858921,USD
2025-05-13,2680.129638671875,2680.129638671875,33528741590,USD
2025-05-14,2610.063232421875,2610.063232421875,26602676588,USD
2025-05-15,2546.85693359375,2546.85693359375,26637688883,USD
2025-05-16,2536.297607421875,2536.297607421875,21298907763,USD
2025-05-17,2475.75439453125,2475.75439453125,18830706230,USD
2025-05-18,2498.233642578125,2498.233642578125,25005164865,USD
2025-05-19,2529.166748046875,2529.166748046875,27351331811,USD
2025-05-20,2524.173095703125,2524.173095703125,23453322578,USD
2025-05-21,2552.34716796875,2552.34716796875,31952904125,USD
2025-05-22,2664.156982421875,2664.156982421875,26596978352,USD
2025-05-23,2526.44189453125,2526.44189453125,30536501878,USD
2025-05-24,2530.646240234375,2530.646240234375,11380899856,USD
2025-05-25,2551.763916015625,2551.763916015625,14556431364,USD
2025-05-26,2564.138427734375,2564.138427734375,14936610009,USD
2025-05-27,2663.06982421875,2663.06982421875,26264200536,USD
2025-05-28,2682.212890625,2682.212890625,19087366068,USD
2025-05-29,2632.65478515625,2632.65478515625,27567479811,USD
2025-05-30,2529.943603515625,2529.943603515625,24599403943,USD
2025-05-31,2529.08740234375,2529.08740234375,13992843765,USD
2025-06-01,2536.266357421875,2536.266357421875,13287852482,USD
2025-06-02,2607.097412109375,2607.097412109375,16744168824,USD
2025-06-03,2593.2802734375,2593.2802734375,18291179016,USD
2025-06-04,2608.64306640625,2608.64306640625,18621211035,USD
2025-06-05,2416.28564453125,2416.28564453125,26194462737,USD
2025-06-06,2477.19482421875,2477.19482421875,19407449565,USD
2025-06-07,2526.50537109375,2526.50537109375,11664303387,USD
2025-06-08,2510.787109375,2510.787109375,12097170203,USD
2025-06-09,2681.51708984375,2681.51708984375,20605172560,USD
2025-06-10,2813.517578125,2813.517578125,35555755055,USD
2025-06-11,2773.529296875,2773.529296875,30705408054,USD
2025-06-12,2651.795166015625,2651.795166015625,25924959613,USD
2025-06-13,2579.486083984375,2579.486083984375,37986747138,USD
2025-06-14,2533.444091796875,2533.444091796875,14285000473,USD
2025-06-15,2546.837158203125,2546.837158203125,13961893828,USD
2025-06-16,2540.60498046875,2540.60498046875,22792449577,USD
2025-06-17,2510.761474609375,2510.761474609375,25653232897,USD
2025-06-18,2524.301513671875,2524.301513671875,19873957905,USD
2025-06-19,2521.653564453125,2521.653564453125,12782730709,USD
2025-06-20,2407.30419921875,2407.30419921875,22592586688,USD
2025-06-21,2300.49560546875,2300.49560546875,16108791762,USD
2025-06-22,2228.213134765625,2228.213134765625,28458151601,USD
2025-06-23,2421.824951171875,2421.824951171875,26247439429,USD
2025-06-24,2448.0087890625,2448.0087890625,19539047009,USD
2025-06-25,2419.310302734375,2419.310302734375,17158118625,USD
2025-06-26,2416.146728515625,2416.146728515625,18300413888,USD
2025-06-27,2423.866943359375,2423.866943359375,15309834970,USD
2025-06-28,2437.109375,2437.109375,8273074809,USD
2025-06-29,2500.9599609375,2500.9599609375,12500580479,USD
2025-06-30,2486.46435546875,2486.46435546875,16859727663,USD
2025-07-01,2405.792724609375,2405.792724609375,15025451796,USD
2025-07-02,2571.33544921875,2571.33544921875,22792512025,USD
2025-07-03,2591.00732421875,2591.00732421875,20873559425,USD
2025-07-04,2508.518310546875,2508.518310546875,17222740209,USD
2025-07-05,2517.280029296875,2517.280029296875,9289382302,USD
2025-07-06,2571.236572265625,2571.236572265625,13190436110,USD
2025-07-07,2543.01318359375,2543.01318359375,18440266947,USD
2025-07-08,2615.505859375,2615.505859375,17537487206,USD
2025-07-09,2770.777587890625,2770.777587890625,27229452849,USD
2025-07-10,2954.84521484375,2954.84521484375,33929201261,USD
2025-07-11,2957.88623046875,2957.88623046875,36226558863,USD
2025-07-12,2942.91162109375,2942.91162109375,16317198254,USD
2025-07-13,2973.35888671875,2973.35888671875,17361753131,USD
2025-07-14,3013.350830078125,3013.350830078125,36349290556,USD
2025-07-15,3139.8896484375,3139.8896484375,39013656112,USD
2025-07-16,3371.5068359375,3371.5068359375,46771354461,USD
2025-07-17,3476.784423828125,3476.784423828125,47532846793,USD
2025-07-18,3549.016357421875,3549.016357421875,59198465810,USD
2025-07-19,3595.273681640625,3595.273681640625,26031719746,USD
2025-07-20,3759.471435546875,3759.471435546875,44600451066,USD
2025-07-21,3763.371337890625,3763.371337890625,42611467663,USD
2025-07-22,3749.1455078125,3749.1455078125,45248868820,USD
2025-07-23,3629.70361328125,3629.70361328125,41283228953,USD
2025-07-24,3708.005615234375,3708.005615234375,40377960354,USD
2025-07-25,3727.266845703125,3727.266845703125,42264509577,USD
2025-07-26,3741.39599609375,3741.39599609375,24635287361,USD
2025-07-27,3875.24658203125,3875.24658203125,28897450394,USD
2025-07-28,3787.42578125,3787.42578125,35831336149,USD
2025-07-29,3793.454833984375,3793.454833984375,35540435995,USD
2025-07-30,3808.20166015625,3808.20166015625,34392494235,USD
2025-07-31,3696.707763671875,3696.707763671875,32839839444,USD
2025-08-01,3488.365966796875,3488.365966796875,46261558200,USD
2025-08-02,3392.7412109375,3392.7412109375,30165065282,USD
2025-08-03,3497.379150390625,3497.379150390625,19363593865,USD
2025-08-04,3718.986083984375,3718.986083984375,30905749658,USD
2025-08-05,3611.8994140625,3611.8994140625,32778742296,USD
2025-08-06,3683.920654296875,3683.920654296875,26924415763,USD
2025-08-07,3914.325927734375,3914.325927734375,38627826066,USD
2025-08-08,4009.848876953125,4009.848876953125,45460293892,USD
2025-08-09,4263.59912109375,4263.59912109375,45279715746,USD
2025-08-10,4254.2177734375,4254.2177734375,36173931367,USD
2025-08-11,4226.966796875,4226.966796875,49989853803,USD
2025-08-12,4590.9248046875,4590.9248046875,57237189036,USD
2025-08-13,4756.27587890625,4756.27587890625,62550014642,USD
2025-08-14,4548.16650390625,4548.16650390625,75681632806,USD
2025-08-15,4439.98876953125,4439.98876953125,55445715824,USD
2025-08-16,4426.18017578125,4426.18017578125,26816931514,USD
2025-08-17,4473.271484375,4473.271484375,31348101438,USD
2025-08-18,4312.5048828125,4312.5048828125,53518423360,USD
2025-08-19,4073.464111328125,4073.464111328125,50440367102,USD
2025-08-20,4334.50048828125,4334.50048828125,49577862965,USD
2025-08-21,4223.2099609375,4223.2099609375,33618359942,USD
2025-08-22,4831.3486328125,4831.3486328125,75965521535,USD
2025-08-23,4776.09033203125,4776.09033203125,36503623278,USD
2025-08-24,4779.6474609375,4779.6474609375,52405003873,USD
2025-08-25,4372.98779296875,4372.98779296875,63936163545,USD
2025-08-26,4600.4267578125,4600.4267578125,53829747706,USD
2025-08-27,4503.39306640625,4503.39306640625,43509902322,USD
2025-08-28,4507.177734375,4507.177734375,36045274078,USD
2025-08-29,4360.15283203125,4360.15283203125,46899991962,USD
2025-08-30,4374.1533203125,4374.1533203125,25883112278,USD
2025-08-31,4390.01904296875,4390.01904296875,26683044984,USD
2025-09-01,4314.47021484375,4314.47021484375,37530746508,USD
2025-09-02,4325.36572265625,4325.36572265625,39884692334,USD
2025-09-03,4450.38916015625,4450.38916015625,35260873497,USD
2025-09-04,4298.744140625,4298.744140625,34919798552,USD
2025-09-05,4306.98876953125,4306.98876953125,44163736676,USD
2025-09-06,4274.2421875,4274.2421875,18108246446,USD
2025-09-07,4305.34765625,4305.34765625,17426783536,USD
2025-09-08,4308.072265625,4308.072265625,32277142378,USD
2025-09-09,4309.04150390625,4309.04150390625,30703320925,USD
2025-09-10,4349.14599609375,4349.14599609375,39521365146,USD
2025-09-11,4461.2333984375,4461.2333984375,35959212991,USD
2025-09-12,4715.24609375,4715.24609375,43839753626,USD
2025-09-13,4668.1796875,4668.1796875,34843845977,USD
2025-09-14,4609.59765625,4609.59765625,28394160275,USD
2025-09-15,4526.8203125,4526.8203125,40224062009,USD
2025-09-16,4503.564453125,4503.564453125,32761501436,USD
2025-09-17,4592.7333984375,4592.7333984375,44120899417,USD
2025-09-18,4589.9189453125,4589.9189453125,33497259158,USD
2025-09-19,4470.9169921875,4470.9169921875,30352619653,USD
2025-09-20,4482.265625,4482.265625,18056494322,USD
2025-09-21,4451.3291015625,4451.3291015625,19330306133,USD
2025-09-22,4202.87744140625,4202.87744140625,58221334533,USD
2025-09-23,4165.50390625,4165.50390625,32460075911,USD
2025-09-24,4153.46923828125,4153.46923828125,33538388785,USD
2025-09-25,3868.333984375,3868.333984375,68963092031,USD
2025-09-26,4035.887939453125,4035.887939453125,47873508328,USD
2025-09-27,4018.658203125,4018.658203125,20382555776,USD
2025-09-28,4141.4765625,4141.4765625,24631307054,USD
2025-09-29,4217.341796875,4217.341796875,38560429932,USD
2025-09-30,4145.95751953125,4145.95751953125,37679153330,USD
2025-10-01,4351.1123046875,4351.1123046875,46161664723,USD
2025-10-02,4487.923828125,4487.923828125,48074066058,USD
2025-10-03,4514.87060546875,4514.87060546875,49603450230,USD
2025-10-04,4489.197265625,4489.197265625,21832270764,USD
2025-10-05,4515.4228515625,4515.4228515625,44880806324,USD
2025-10-06,4687.771484375,4687.771484375,44992456374,USD
2025-10-07,4451.15185546875,4451.15185546875,54879425294,USD
2025-10-08,4527.64794921875,4527.64794921875,40456628235,USD
2025-10-09,4369.1435546875,4369.1435546875,47903074596,USD
2025-10-10,3843.0087890625,3843.0087890625,97736621123,USD
2025-10-11,3750.611572265625,3750.611572265625,62475475938,USD
2025-10-12,4164.427734375,4164.427734375,61216174681,USD
2025-10-13,4245.4677734375,4245.4677734375,50253782420,USD
2025-10-14,4125.412109375,4125.412109375,67094148347,USD
2025-10-15,3987.45947265625,3987.45947265625,50462889453,USD
2025-10-16,3894.75439453125,3894.75439453125,49147390731,USD
2025-10-17,3832.558837890625,3832.558837890625,57404271888,USD
2025-10-18,3890.34619140625,3890.34619140625,23815676385,USD
2025-10-19,3984.649658203125,3984.649658203125,32870655221,USD
2025-10-20,3980.76025390625,3980.76025390625,40224612563,USD
2025-10-21,3876.76416015625,3876.76416015625,49960290350,USD
2025-10-22,3808.122314453125,3808.122314453125,46173305673,USD
2025-10-23,3856.0263671875,3856.0263671875,36361652714,USD
2025-10-24,3934.5673828125,3934.5673828125,34090708715,USD
2025-10-25,3953.470947265625,3953.470947265625,15245229017,USD
2025-10-26,4157.9892578125,4157.9892578125,29120786315,USD
2025-10-27,4120.1220703125,4120.1220703125,40271333201,USD
2025-10-28,3982.262451171875,3982.262451171875,39684155177,USD
2025-10-29,3903.35302734375,3903.35302734375,35255876156,USD
2025-10-30,3804.375244140625,3804.375244140625,39981939289,USD
2025-10-31,3847.080322265625,3847.080322265625,37800100395,USD
2025-11-01,3874.18798828125,3874.18798828125,17490279524,USD
2025-11-02,3911.063232421875,3911.063232421875,20479611654,USD
2025-11-03,3602.30810546875,3602.30810546875,53091469560,USD
2025-11-04,3292.574462890625,3292.574462890625,76827517773,USD
2025-11-05,3425.171142578125,3425.171142578125,46955882330,USD
2025-11-06,3312.2578125,3312.2578125,36731850433,USD
2025-11-07,3435.301025390625,3435.301025390625,42609994022,USD
2025-11-08,3400.3759765625,3400.3759765625,23613870398,USD
2025-11-09,3582.621337890625,3582.621337890625,28821543888,USD
2025-11-10,3568.4599609375,3568.4599609375,35638045619,USD
2025-11-11,3415.2822265625,3415.2822265625,39734688531,USD
2025-11-12,3413.09423828125,3413.09423828125,34898956623,USD
2025-11-13,3232.757080078125,3232.757080078125,50283416669,USD
2025-11-14,3103.78564453125,3103.78564453125,47003809463,USD
2025-11-15,3166.63134765625,3166.63134765625,19932940649,USD
2025-11-16,3092.847412109375,3092.847412109375,30987886524,USD
2025-11-17,3024.538818359375,3024.538818359375,41026793235,USD
2025-11-18,3122.97900390625,3122.97900390625,41581494270,USD
2025-11-19,3023.07080078125,3023.07080078125,40229739844,USD
2025-11-20,2831.777587890625,2831.777587890625,43917885207,USD
2025-11-21,2765.69921875,2765.69921875,51476486049,USD
2025-11-22,2767.607421875,2767.607421875,15408928941,USD
2025-11-23,2801.676025390625,2801.676025390625,20358404499,USD
2025-11-24,2952.71337890625,2952.71337890625,32491657389,USD
2025-11-25,2957.936279296875,2957.936279296875,23336017779,USD
2025-11-26,3027.81201171875,3027.81201171875,21433162961,USD
2025-11-27,3014.542236328125,3014.542236328125,16972780500,USD
2025-11-28,3032.304443359375,3032.304443359375,20659958964,USD
2025-11-29,2991.685302734375,2991.685302734375,12775481230,USD
2025-11-30,2992.112548828125,2992.112548828125,11530446514,USD
2025-12-01,2800.18896484375,2800.18896484375,36679598313,USD
2025-12-02,2997.939697265625,2997.939697265625,26593645111,USD
2025-12-03,3191.57177734375,3191.57177734375,29949301036,USD
2025-12-04,3134.31640625,3134.31640625,27434991113,USD
2025-12-05,3024.432861328125,3024.432861328125,28000268228,USD
2025-12-06,3040.207763671875,3040.207763671875,10962819760,USD
2025-12-07,3061.3017578125,3061.3017578125,20383496376,USD
2025-12-08,3125.197998046875,3125.197998046875,25262165670,USD
2025-12-09,3321.114990234375,3321.114990234375,32012553374,USD
2025-12-10,3325.39013671875,3325.39013671875,30694387989,USD
2025-12-11,3237.056884765625,3237.056884765625,29066243707,USD
2025-12-12,3084.172607421875,3084.172607421875,24391003174,USD
2025-12-13,3116.6953125,3116.6953125,9916869400,USD
2025-12-14,3060.5947265625,3060.5947265625,15619543350,USD
2025-12-15,2964.18310546875,2964.18310546875,28765976892,USD
2025-12-16,2964.180908203125,2964.180908203125,22709189818,USD
2025-12-17,2831.403564453125,2831.403564453125,26159825528,USD
2025-12-18,2827.069091796875,2827.069091796875,29194181349,USD
2025-12-19,2977.970703125,2977.970703125,27870687989,USD
2025-12-20,2977.58251953125,2977.58251953125,7612418215,USD
2025-12-21,3001.61376953125,3001.61376953125,11178096676,USD
2025-12-22,3006.07373046875,3006.07373046875,20342034264,USD
2025-12-23,2963.3740234375,2963.3740234375,21453213168,USD
2025-12-24,2945.590576171875,2945.590576171875,13984770325,USD
2025-12-25,2903.57958984375,2903.57958984375,11828871179,USD
2025-12-26,2925.74560546875,2925.74560546875,18562196049,USD
2025-12-27,2947.998291015625,2947.998291015625,7378783299,USD
2025-12-28,2948.568115234375,2948.568115234375,9227601389,USD
2025-12-29,2934.538330078125,2934.538330078125,25957694515,USD
2025-12-30,2971.416748046875,2971.416748046875,18816704381,USD
2025-12-31,2967.03759765625,2967.03759765625,16451891101,USD
2026-01-01,3000.394287109375,3000.394287109375,10268796662,USD
2026-01-02,3124.422607421875,3124.422607421875,25242778003,USD
2026-01-03,3125.91748046875,3125.91748046875,11460707919,USD
2026-01-04,3140.71044921875,3140.71044921875,13890479323,USD
2026-01-05,3226.13037109375,3226.13037109375,27211995956,USD
2026-01-06,3295.94677734375,3295.94677734375,27853981622,USD
2026-01-07,3166.843994140625,3166.843994140625,22665982583,USD
2026-01-08,3104.382568359375,3104.382568359375,22760237888,USD
2026-01-09,3083.047119140625,3083.047119140625,18879517395,USD
2026-01-10,3082.39599609375,3082.39599609375,6960662969,USD
2026-01-11,3118.88525390625,3118.88525390625,10497219711,USD
2026-01-12,3092.3251953125,3092.3251953125,21152711365,USD
2026-01-13,3322.095458984375,3322.095458984375,27237310134,USD
2026-01-14,3354.72265625,3354.72265625,33926411912,USD
2026-01-15,3317.101318359375,3317.101318359375,27598686935,USD
2026-01-16,3295.482177734375,3295.482177734375,22732887284,USD
2026-01-17,3308.8642578125,3308.8642578125,11206492253,USD
2026-01-18,3281.15771484375,3281.15771484375,13557863288,USD
2026-01-19,3186.62109375,3186.62109375,27956112545,USD
2026-01-20,2935.605712890625,2935.605712890625,32985301273,USD
2026-01-21,2978.901123046875,2978.901123046875,35797876195,USD
2026-01-22,2949.63330078125,2949.63330078125,21993593333,USD
2026-01-23,2953.25634765625,2953.25634765625,22417700837,USD
2026-01-24,2948.74072265625,2948.74072265625,8198666763,USD
2026-01-25,2815.90234375,2815.90234375,22414089670,USD
2026-01-26,2926.45703125,2926.45703125,29668620102,USD
2026-01-27,3022.2109375,3022.2109375,27976005223,USD
2026-01-28,3006.607421875,3006.607421875,21751566455,USD
2026-01-29,2818.232666015625,2818.232666015625,37487198041,USD
2026-01-30,2702.375244140625,2702.375244140625,41877689970,USD
2026-01-31,2445.091796875,2445.091796875,47569532203,USD
2026-02-01,2267.96484375,2267.96484375,40358630560,USD
2026-02-02,2344.356689453125,2344.356689453125,48844346396,USD
2026-02-03,2227.558837890625,2227.558837890625,47906083919,USD
2026-02-04,2143.504150390625,2143.504150390625,45219604814,USD
2026-02-05,1821.68310546875,1821.68310546875,60381662655,USD
2026-02-06,2063.386962890625,2063.386962890625,64998454203,USD
2026-02-07,2090.54931640625,2090.54931640625,41145430304,USD
2026-02-08,2088.762939453125,2088.762939453125,19541713443,USD
2026-02-09,2103.567626953125,2103.567626953125,26750982266,USD
2026-02-10,2019.4974365234375,2019.4974365234375,23267337087,USD
2026-02-11,1940.621337890625,1940.621337890625,23922680362,USD
2026-02-12,1946.940673828125,1946.940673828125,20106364835,USD
2026-02-13,2048.52734375,2048.52734375,20412430639,USD
2026-02-14,2086.009765625,2086.009765625,16925555543,USD
2026-02-15,1966.04296875,1966.04296875,31030538835,USD
2026-02-16,1997.917724609375,1997.917724609375,19219250473,USD
2026-02-17,1992.1943359375,1992.1943359375,20929890501,USD
2026-02-18,1953.97412109375,1953.97412109375,20187307041,USD
2026-02-19,1948.2010498046875,1948.2010498046875,17380103826,USD
2026-02-20,1969.0223388671875,1969.0223388671875,21682976627,USD
2026-02-21,1973.7371826171875,1973.7371826171875,11561261802,USD
2026-02-22,1957.805908203125,1957.805908203125,9488829492,USD
2026-02-23,1855.5028076171875,1855.5028076171875,23731172668,USD
2026-02-24,1852.969482421875,1852.969482421875,18475122228,USD
2026-02-25,2054.6279296875,2054.6279296875,27717195805,USD
2026-02-26,2026.7926025390625,2026.7926025390625,23327720766,USD
2026-02-27,1930.7618408203125,1930.7618408203125,21136821039,USD
2026-02-28,1965.050537109375,1965.050537109375,21675923669,USD
2026-03-01,1939.066650390625,1939.066650390625,23649071468,USD
2026-03-02,2027.2689208984375,2027.2689208984375,26235436166,USD
2026-03-03,1982.7689208984375,1982.7689208984375,24100196312,USD
2026-03-04,2126.50537109375,2126.50537109375,33610946768,USD
2026-03-05,2071.60546875,2071.60546875,22383576284,USD
2026-03-06,1978.751220703125,1978.751220703125,19733648079,USD
2026-03-07,1969.4554443359375,1969.4554443359375,10236899078,USD
2026-03-08,1936.604736328125,1936.604736328125,16314032554,USD
2026-03-09,1992.938232421875,1992.938232421875,24015826480,USD
2026-03-10,2037.1204833984375,2037.1204833984375,23552353781,USD
2026-03-11,2051.5732421875,2051.5732421875,19031715359,USD
2026-03-12,2073.13623046875,2073.13623046875,20624954899,USD
2026-03-13,2092.5634765625,2092.5634765625,29345212033,USD
2026-03-14,2097.086669921875,2097.086669921875,10073411269,USD
2026-03-15,2177.476318359375,2177.476318359375,15333885132,USD
2026-03-16,2351.176025390625,2351.176025390625,38938369545,USD
2026-03-17,2318.053466796875,2318.053466796875,26737564550,USD
2026-03-18,2203.671630859375,2203.671630859375,25617966362,USD
2026-03-19,2137.423828125,2137.423828125,24090913749,USD
2026-03-20,2146.4970703125,2146.4970703125,17970488517,USD
2026-03-21,2076.68994140625,2076.68994140625,8654913047,USD
2026-03-22,2053.04833984375,2053.04833984375,16438149794,USD
2026-03-23,2152.14599609375,2152.14599609375,28509077302,USD
2026-03-24,2155.704345703125,2155.704345703125,18389631713,USD
2026-03-25,2168.021484375,2168.021484375,17086301657,USD
2026-03-26,2059.578369140625,2059.578369140625,18628112246,USD
2026-03-27,1991.27197265625,1991.27197265625,19453998121,USD
2026-03-28,1992.694580078125,1992.694580078125,8641221084,USD
2026-03-29,1982.5596923828125,1982.5596923828125,9451184647,USD
2026-03-30,2023.514892578125,2023.514892578125,17840662425,USD
2026-03-31,2104.708251953125,2104.708251953125,21278561395,USD
2026-04-01,2138.737060546875,2138.737060546875,19542997434,USD
2026-04-02,2056.8525390625,2056.8525390625,18847170816,USD
2026-04-03,2053.38525390625,2053.38525390625,9609678843,USD
2026-04-04,2065.3515625,2065.3515625,6926913517,USD
2026-04-05,2108.99560546875,2108.99560546875,9928800793,USD
2026-04-06,2107.761474609375,2107.761474609375,19097527675,USD
2026-04-07,2241.806640625,2241.806640625,22588914083,USD
2026-04-08,2190.33544921875,2190.33544921875,21469476310,USD
2026-04-09,2189.14404296875,2189.14404296875,17218638798,USD
2026-04-10,2245.148681640625,2245.148681640625,17131968712,USD
2026-04-11,2285.39013671875,2285.39013671875,12620960384,USD
2026-04-12,2192.201171875,2192.201171875,15307071617,USD
2026-04-13,2370.71484375,2370.71484375,23709131572,USD
2026-04-14,2323.30859375,2323.30859375,25185167270,USD
2026-04-15,2359.43701171875,2359.43701171875,17004367348,USD
2026-04-16,2348.64501953125,2348.64501953125,20602833116,USD
2026-04-17,2421.07177734375,2421.07177734375,26467618336,USD
2026-04-18,2351.1005859375,2351.1005859375,14400085617,USD
2026-04-19,2264.9169921875,2264.9169921875,17083701612,USD
2026-04-20,2315.21240234375,2315.21240234375,19084768822,USD
2026-04-21,2327.970458984375,2327.970458984375,16107716719,USD
2026-04-22,2376.088134765625,2376.088134765625,22465555335,USD
2026-04-23,2331.513916015625,2331.513916015625,19909161913,USD
2026-04-24,2315.690185546875,2315.690185546875,13371168064,USD
2026-04-25,2318.8291015625,2318.8291015625,6545621782,USD
2026-04-26,2369.72900390625,2369.72900390625,10622966933,USD
2026-04-27,2303.06396484375,2303.06396484375,17879618684,USD
2026-04-28,2289.419677734375,2289.419677734375,12761522276,USD
2026-04-29,2253.415771484375,2253.415771484375,21884731493,USD
2026-04-30,2256.251220703125,2256.251220703125,12309496389,USD
2026-05-01,2295.09375,2295.09375,13243880777,USD
2026-05-02,2316.23193359375,2316.23193359375,6905015549,USD
2026-05-03,2321.6357421875,2321.6357421875,9861070993,USD
2026-05-04,2346.39697265625,2346.39697265625,25497505008,USD
2026-05-05,2361.1826171875,2361.1826171875,17739612383,USD
2026-05-06,2350.802001953125,2350.802001953125,22745786496,USD
2026-05-07,2291.107666015625,2291.107666015625,23409823896,USD
2026-05-08,2306.97216796875,2306.97216796875,20013463010,USD
2026-05-09,2326.727294921875,2326.727294921875,12217205123,USD
2026-05-10,2369.0439453125,2369.0439453125,19587186882,USD
2026-05-11,2339.36083984375,2339.36083984375,15525623296,USD
2026-05-12,2274.6435546875,2274.6435546875,16145394773,USD
2026-05-13,2257.576416015625,2257.576416015625,15193768365,USD
2026-05-14,2280.934814453125,2280.934814453125,17563432027,USD
2026-05-15,2223.328857421875,2223.328857421875,18146855938,USD
2026-05-16,2179.751953125,2179.751953125,11451672017,USD
2026-05-17,2127.645263671875,2127.645263671875,10143205921,USD
2026-05-18,2128.51611328125,2128.51611328125,19890789125,USD
2026-05-19,2109.9638671875,2109.9638671875,12030742868,USD
2026-05-20,2126.9833984375,2126.9833984375,12076799234,USD
2026-05-21,2131.41064453125,2131.41064453125,14344389472,USD
2026-05-22,2064.636962890625,2064.636962890625,13229489284,USD
2026-05-23,2115.951416015625,2115.951416015625,16650709488,USD
2026-05-24,2097.993896484375,2097.993896484375,10602558120,USD
2026-05-25,2111.370361328125,2111.370361328125,10167436482,USD
2026-05-26,2070.858154296875,2070.858154296875,15924080901,USD
2026-05-27,2022.1982421875,2022.1982421875,14534289020,USD
2026-05-28,2007.552734375,2007.552734375,18109844096,USD
2026-05-29,2011.978515625,2011.978515625,14941194039,USD
2026-05-30,2019.458251953125,2019.458251953125,7478416074,USD
2026-05-31,2004.341552734375,2004.341552734375,9253505209,USD
2026-06-01,2003.22119140625,2003.22119140625,19458810001,USD
2026-06-02,1857.71630859375,1857.71630859375,25205401403,USD
2026-06-03,1811.7322998046875,1811.7322998046875,24083350214,USD
2026-06-04,1769.58056640625,1769.58056640625,27112623897,USD
2026-06-05,1580.86083984375,1580.86083984375,39924177669,USD
2026-06-06,1568.7677001953125,1568.7677001953125,18426248218,USD
2026-06-07,1686.396240234375,1686.396240234375,15172606860,USD
2026-06-08,1690.1485595703125,1690.1485595703125,17427269148,USD
2026-06-09,1637.7066650390625,1637.7066650390625,15196855528,USD
2026-06-10,1620.1376953125,1620.1376953125,12655731412,USD
2026-06-11,1672.2806396484375,1672.2806396484375,12379882531,USD
2026-06-12,1665.1278076171875,1665.1278076171875,9989137815,USD
2026-06-13,1680.214599609375,1680.214599609375,6101094488,USD
2026-06-14,1724.61328125,1724.61328125,7804982667,USD
2026-06-15,1794.961181640625,1794.961181640625,17921331594,USD
2026-06-16,1790.398193359375,1790.398193359375,14698492893,USD
2026-06-17,1747.885498046875,1747.885498046875,14185457929,USD
2026-06-18,1709.533447265625,1709.533447265625,12942260783,USD
2026-06-19,1710.982421875,1710.982421875,7855725190,USD
2026-06-20,1739.3013916015625,1739.3013916015625,7773536600,USD
2026-06-21,1704.58056640625,1704.58056640625,8498711726,USD
2026-06-22,1726.5108642578125,1726.5108642578125,13584368622,USD
2026-06-23,1665.436767578125,1665.436767578125,10431438278,USD
2026-06-24,1619.9249267578125,1619.9249267578125,14059894232,USD
2026-06-25,1564.816650390625,1564.816650390625,15976182558,USD
2026-06-26,1576.6160888671875,1576.6160888671875,15272225856,USD
2026-06-27,1571.5882568359375,1571.5882568359375,6111411513,USD
2026-06-28,1570.3612060546875,1570.3612060546875,6231562560,USD
2026-06-29,1610.205810546875,1610.205810546875,11882501822,USD
2026-06-30,1569.5838623046875,1569.5838623046875,9639804637,USD
2026-07-01,1608.960693359375,1608.960693359375,11666600557,USD
2026-07-02,1698.16943359375,1698.16943359375,13538465176,USD
2026-07-03,1756.5186767578125,1756.5186767578125,10177742550,USD
2026-07-04,1779.032958984375,1779.032958984375,8083146790,USD
2026-07-05,1783.0059814453125,1783.0059814453125,11323496681,USD
2026-07-06,1797.57373046875,1797.57373046875,16997487730,USD
2026-07-07,1768.511474609375,1768.511474609375,9901110376,USD
2026-07-08,1742.6776123046875,1742.6776123046875,10110272581,USD
2026-07-09,1744.484619140625,1744.484619140625,7763668656,USD
2026-07-10,1795.6932373046875,1795.6932373046875,9431692646,USD
2026-07-11,1788.099609375,1788.099609375,6901680020,USD
2026-07-12,1805.7880859375,1805.7880859375,6064480351,USD
2026-07-13,1783.699951171875,1783.699951171875,10327621632,USD
