Date,Close,AdjClose,Volume,Currency
2021-07-13,32702.025390625,32702.025390625,19120856669,USD
2021-07-14,32822.34765625,32822.34765625,21376531210,USD
2021-07-15,31780.73046875,31780.73046875,21300524237,USD
2021-07-16,31421.5390625,31421.5390625,23699476918,USD
2021-07-17,31533.068359375,31533.068359375,18895018942,USD
2021-07-18,31796.810546875,31796.810546875,18787986667,USD
2021-07-19,30817.83203125,30817.83203125,20434789545,USD
2021-07-20,29807.34765625,29807.34765625,23148267245,USD
2021-07-21,32110.693359375,32110.693359375,28203024559,USD
2021-07-22,32313.10546875,32313.10546875,19555230518,USD
2021-07-23,33581.55078125,33581.55078125,22552046192,USD
2021-07-24,34292.4453125,34292.4453125,21664706865,USD
2021-07-25,35350.1875,35350.1875,20856685287,USD
2021-07-26,37337.53515625,37337.53515625,51022126212,USD
2021-07-27,39406.94140625,39406.94140625,35097370560,USD
2021-07-28,39995.90625,39995.90625,38702404695,USD
2021-07-29,40008.421875,40008.421875,27167146027,USD
2021-07-30,42235.546875,42235.546875,33072782960,USD
2021-07-31,41626.1953125,41626.1953125,25802845343,USD
2021-08-01,39974.89453125,39974.89453125,26688438115,USD
2021-08-02,39201.9453125,39201.9453125,25595265436,USD
2021-08-03,38152.98046875,38152.98046875,26189830450,USD
2021-08-04,39747.50390625,39747.50390625,25372562724,USD
2021-08-05,40869.5546875,40869.5546875,35185031017,USD
2021-08-06,42816.5,42816.5,38226483046,USD
2021-08-07,44555.80078125,44555.80078125,40030862141,USD
2021-08-08,43798.1171875,43798.1171875,36302664750,USD
2021-08-09,46365.40234375,46365.40234375,38734079049,USD
2021-08-10,45585.03125,45585.03125,33546019517,USD
2021-08-11,45593.63671875,45593.63671875,34319709073,USD
2021-08-12,44428.2890625,44428.2890625,33723620826,USD
2021-08-13,47793.3203125,47793.3203125,31744259539,USD
2021-08-14,47096.9453125,47096.9453125,31211354442,USD
2021-08-15,47047.00390625,47047.00390625,30988958446,USD
2021-08-16,46004.484375,46004.484375,32776876610,USD
2021-08-17,44695.359375,44695.359375,33451362600,USD
2021-08-18,44801.1875,44801.1875,32194123075,USD
2021-08-19,46717.578125,46717.578125,37204312299,USD
2021-08-20,49339.17578125,49339.17578125,34706867452,USD
2021-08-21,48905.4921875,48905.4921875,40585205312,USD
2021-08-22,49321.65234375,49321.65234375,25370975378,USD
2021-08-23,49546.1484375,49546.1484375,34305053719,USD
2021-08-24,47706.1171875,47706.1171875,35361168834,USD
2021-08-25,48960.7890625,48960.7890625,32646349931,USD
2021-08-26,46942.21875,46942.21875,32666549568,USD
2021-08-27,49058.66796875,49058.66796875,34511076995,USD
2021-08-28,48902.40234375,48902.40234375,28568103401,USD
2021-08-29,48829.83203125,48829.83203125,25889650240,USD
2021-08-30,47054.984375,47054.984375,31847007016,USD
2021-08-31,47166.6875,47166.6875,34730363427,USD
2021-09-01,48847.02734375,48847.02734375,39139399125,USD
2021-09-02,49327.72265625,49327.72265625,39508070319,USD
2021-09-03,50025.375,50025.375,43206179619,USD
2021-09-04,49944.625,49944.625,37471327794,USD
2021-09-05,51753.41015625,51753.41015625,30322676319,USD
2021-09-06,52633.53515625,52633.53515625,38884105426,USD
2021-09-07,46811.12890625,46811.12890625,65210059683,USD
2021-09-08,46091.390625,46091.390625,49007762488,USD
2021-09-09,46391.421875,46391.421875,38672657013,USD
2021-09-10,44883.91015625,44883.91015625,39154666597,USD
2021-09-11,45201.45703125,45201.45703125,34499835245,USD
2021-09-12,46063.26953125,46063.26953125,27881980161,USD
2021-09-13,44963.07421875,44963.07421875,40969943253,USD
2021-09-14,47092.4921875,47092.4921875,38652152880,USD
2021-09-15,48176.34765625,48176.34765625,30484496466,USD
2021-09-16,47783.359375,47783.359375,31764293754,USD
2021-09-17,47267.51953125,47267.51953125,28727713711,USD
2021-09-18,48278.36328125,48278.36328125,28575630451,USD
2021-09-19,47260.21875,47260.21875,26967722648,USD
2021-09-20,42843.80078125,42843.80078125,43909845642,USD
2021-09-21,40693.67578125,40693.67578125,48701090088,USD
2021-09-22,43574.5078125,43574.5078125,38139709246,USD
2021-09-23,44895.09765625,44895.09765625,34244064430,USD
2021-09-24,42839.75,42839.75,42839345714,USD
2021-09-25,42716.59375,42716.59375,31604717236,USD
2021-09-26,43208.5390625,43208.5390625,30661222077,USD
2021-09-27,42235.73046875,42235.73046875,30980029059,USD
2021-09-28,41034.54296875,41034.54296875,30214940550,USD
2021-09-29,41564.36328125,41564.36328125,30602359905,USD
2021-09-30,43790.89453125,43790.89453125,31141681925,USD
2021-10-01,48116.94140625,48116.94140625,42850641582,USD
2021-10-02,47711.48828125,47711.48828125,30614346492,USD
2021-10-03,48199.953125,48199.953125,26638115879,USD
2021-10-04,49112.90234375,49112.90234375,33383173002,USD
2021-10-05,51514.8125,51514.8125,35873904236,USD
2021-10-06,55361.44921875,55361.44921875,49034730168,USD
2021-10-07,53805.984375,53805.984375,36807860413,USD
2021-10-08,53967.84765625,53967.84765625,34800873924,USD
2021-10-09,54968.22265625,54968.22265625,32491211414,USD
2021-10-10,54771.578125,54771.578125,39527792364,USD
2021-10-11,57484.7890625,57484.7890625,42637331698,USD
2021-10-12,56041.05859375,56041.05859375,41083758949,USD
2021-10-13,57401.09765625,57401.09765625,41684252783,USD
2021-10-14,57321.5234375,57321.5234375,36615791366,USD
2021-10-15,61593.94921875,61593.94921875,51780081801,USD
2021-10-16,60892.1796875,60892.1796875,34250964237,USD
2021-10-17,61553.6171875,61553.6171875,29032367511,USD
2021-10-18,62026.078125,62026.078125,38055562075,USD
2021-10-19,64261.9921875,64261.9921875,40471196346,USD
2021-10-20,65992.8359375,65992.8359375,40788955582,USD
2021-10-21,62210.171875,62210.171875,45908121370,USD
2021-10-22,60692.265625,60692.265625,38434082775,USD
2021-10-23,61393.6171875,61393.6171875,26882546034,USD
2021-10-24,60930.8359375,60930.8359375,27316183882,USD
2021-10-25,63039.82421875,63039.82421875,31064911614,USD
2021-10-26,60363.79296875,60363.79296875,34878965587,USD
2021-10-27,58482.38671875,58482.38671875,43657076893,USD
2021-10-28,60622.13671875,60622.13671875,45257083247,USD
2021-10-29,62227.96484375,62227.96484375,36856881767,USD
2021-10-30,61888.83203125,61888.83203125,32157938616,USD
2021-10-31,61318.95703125,61318.95703125,32241199927,USD
2021-11-01,61004.40625,61004.40625,36150572843,USD
2021-11-02,63226.40234375,63226.40234375,37746665647,USD
2021-11-03,62970.046875,62970.046875,36124731509,USD
2021-11-04,61452.23046875,61452.23046875,32615846901,USD
2021-11-05,61125.67578125,61125.67578125,30605102446,USD
2021-11-06,61527.48046875,61527.48046875,29094934221,USD
2021-11-07,63326.98828125,63326.98828125,24726754302,USD
2021-11-08,67566.828125,67566.828125,41125608330,USD
2021-11-09,66971.828125,66971.828125,42357991721,USD
2021-11-10,64995.23046875,64995.23046875,48730828378,USD
2021-11-11,64949.9609375,64949.9609375,35880633236,USD
2021-11-12,64155.94140625,64155.94140625,36084893887,USD
2021-11-13,64469.52734375,64469.52734375,30474228777,USD
2021-11-14,65466.83984375,65466.83984375,25122092191,USD
2021-11-15,63557.87109375,63557.87109375,30558763548,USD
2021-11-16,60161.24609375,60161.24609375,46844335592,USD
2021-11-17,60368.01171875,60368.01171875,39178392930,USD
2021-11-18,56942.13671875,56942.13671875,41388338699,USD
2021-11-19,58119.578125,58119.578125,38702407772,USD
2021-11-20,59697.1953125,59697.1953125,30624264863,USD
2021-11-21,58730.4765625,58730.4765625,26123447605,USD
2021-11-22,56289.2890625,56289.2890625,35036121783,USD
2021-11-23,57569.07421875,57569.07421875,37485803899,USD
2021-11-24,56280.42578125,56280.42578125,36635566789,USD
2021-11-25,57274.6796875,57274.6796875,34284016248,USD
2021-11-26,53569.765625,53569.765625,41810748221,USD
2021-11-27,54815.078125,54815.078125,30560857714,USD
2021-11-28,57248.45703125,57248.45703125,28116886357,USD
2021-11-29,57806.56640625,57806.56640625,32370840356,USD
2021-11-30,57005.42578125,57005.42578125,36708594618,USD
2021-12-01,57229.828125,57229.828125,36858195307,USD
2021-12-02,56477.81640625,56477.81640625,32379968686,USD
2021-12-03,53598.24609375,53598.24609375,39789134215,USD
2021-12-04,49200.703125,49200.703125,61385677469,USD
2021-12-05,49368.84765625,49368.84765625,37198201161,USD
2021-12-06,50582.625,50582.625,37707308001,USD
2021-12-07,50700.0859375,50700.0859375,33676814852,USD
2021-12-08,50504.796875,50504.796875,28479699446,USD
2021-12-09,47672.12109375,47672.12109375,29603577251,USD
2021-12-10,47243.3046875,47243.3046875,30966005122,USD
2021-12-11,49362.5078125,49362.5078125,25775869261,USD
2021-12-12,50098.3359375,50098.3359375,21939223599,USD
2021-12-13,46737.48046875,46737.48046875,32166727776,USD
2021-12-14,46612.6328125,46612.6328125,34638619079,USD
2021-12-15,48896.72265625,48896.72265625,36541828520,USD
2021-12-16,47665.42578125,47665.42578125,27268150947,USD
2021-12-17,46202.14453125,46202.14453125,32902725329,USD
2021-12-18,46848.77734375,46848.77734375,26098292690,USD
2021-12-19,46707.015625,46707.015625,25154053861,USD
2021-12-20,46880.27734375,46880.27734375,30961902129,USD
2021-12-21,48936.61328125,48936.61328125,27055803928,USD
2021-12-22,48628.51171875,48628.51171875,24447979559,USD
2021-12-23,50784.5390625,50784.5390625,28223878108,USD
2021-12-24,50822.1953125,50822.1953125,24367912228,USD
2021-12-25,50429.859375,50429.859375,19030650914,USD
2021-12-26,50809.515625,50809.515625,20964372926,USD
2021-12-27,50640.41796875,50640.41796875,24324345758,USD
2021-12-28,47588.85546875,47588.85546875,33430376883,USD
2021-12-29,46444.7109375,46444.7109375,30049226299,USD
2021-12-30,47178.125,47178.125,26686491018,USD
2021-12-31,46306.4453125,46306.4453125,36974172400,USD
2022-01-01,47686.8125,47686.8125,24582667004,USD
2022-01-02,47345.21875,47345.21875,27951569547,USD
2022-01-03,46458.1171875,46458.1171875,33071628362,USD
2022-01-04,45897.57421875,45897.57421875,42494677905,USD
2022-01-05,43569.00390625,43569.00390625,36851084859,USD
2022-01-06,43160.9296875,43160.9296875,30208048289,USD
2022-01-07,41557.90234375,41557.90234375,84196607520,USD
2022-01-08,41733.94140625,41733.94140625,28066355845,USD
2022-01-09,41911.6015625,41911.6015625,21294384372,USD
2022-01-10,41821.26171875,41821.26171875,32104232331,USD
2022-01-11,42735.85546875,42735.85546875,26327648900,USD
2022-01-12,43949.1015625,43949.1015625,33499938689,USD
2022-01-13,42591.5703125,42591.5703125,47691135082,USD
2022-01-14,43099.69921875,43099.69921875,23577403399,USD
2022-01-15,43177.3984375,43177.3984375,18371348298,USD
2022-01-16,43113.87890625,43113.87890625,17902097845,USD
2022-01-17,42250.55078125,42250.55078125,21690904261,USD
2022-01-18,42375.6328125,42375.6328125,22417209227,USD
2022-01-19,41744.328125,41744.328125,23091543258,USD
2022-01-20,40680.41796875,40680.41796875,20382033940,USD
2022-01-21,36457.31640625,36457.31640625,43011992031,USD
2022-01-22,35030.25,35030.25,39714385405,USD
2022-01-23,36276.8046875,36276.8046875,26017975951,USD
2022-01-24,36654.328125,36654.328125,41856658597,USD
2022-01-25,36954.00390625,36954.00390625,26428189594,USD
2022-01-26,36852.12109375,36852.12109375,31324598034,USD
2022-01-27,37138.234375,37138.234375,25041426629,USD
2022-01-28,37784.33203125,37784.33203125,22238830523,USD
2022-01-29,38138.1796875,38138.1796875,17194183075,USD
2022-01-30,37917.6015625,37917.6015625,14643548444,USD
2022-01-31,38483.125,38483.125,20734730465,USD
2022-02-01,38743.2734375,38743.2734375,20288500328,USD
2022-02-02,36952.984375,36952.984375,19155189416,USD
2022-02-03,37154.6015625,37154.6015625,18591534769,USD
2022-02-04,41500.875,41500.875,29412210792,USD
2022-02-05,41441.1640625,41441.1640625,19652846215,USD
2022-02-06,42412.43359375,42412.43359375,16142097334,USD
2022-02-07,43840.28515625,43840.28515625,28641855926,USD
2022-02-08,44118.4453125,44118.4453125,33079398868,USD
2022-02-09,44338.796875,44338.796875,23245887300,USD
2022-02-10,43565.11328125,43565.11328125,32142048537,USD
2022-02-11,42407.9375,42407.9375,26954925781,USD
2022-02-12,42244.46875,42244.46875,18152390304,USD
2022-02-13,42197.515625,42197.515625,14741589015,USD
2022-02-14,42586.91796875,42586.91796875,20827783012,USD
2022-02-15,44575.203125,44575.203125,22721659051,USD
2022-02-16,43961.859375,43961.859375,19792547657,USD
2022-02-17,40538.01171875,40538.01171875,26246662813,USD
2022-02-18,40030.9765625,40030.9765625,23310007704,USD
2022-02-19,40122.15625,40122.15625,13736557863,USD
2022-02-20,38431.37890625,38431.37890625,18340576452,USD
2022-02-21,37075.28125,37075.28125,29280402798,USD
2022-02-22,38286.02734375,38286.02734375,25493150450,USD
2022-02-23,37296.5703125,37296.5703125,21849073843,USD
2022-02-24,38332.609375,38332.609375,46383802093,USD
2022-02-25,39214.21875,39214.21875,26545599159,USD
2022-02-26,39105.1484375,39105.1484375,17467554129,USD
2022-02-27,37709.78515625,37709.78515625,23450127612,USD
2022-02-28,43193.234375,43193.234375,35690014104,USD
2022-03-01,44354.63671875,44354.63671875,32479047645,USD
2022-03-02,43924.1171875,43924.1171875,29183112630,USD
2022-03-03,42451.7890625,42451.7890625,24967782593,USD
2022-03-04,39137.60546875,39137.60546875,28516271427,USD
2022-03-05,39400.5859375,39400.5859375,16975917450,USD
2022-03-06,38419.984375,38419.984375,19745229902,USD
2022-03-07,38062.0390625,38062.0390625,28546143503,USD
2022-03-08,38737.26953125,38737.26953125,25776583476,USD
2022-03-09,41982.92578125,41982.92578125,32284121034,USD
2022-03-10,39437.4609375,39437.4609375,31078064711,USD
2022-03-11,38794.97265625,38794.97265625,26364890465,USD
2022-03-12,38904.01171875,38904.01171875,14616450657,USD
2022-03-13,37849.6640625,37849.6640625,17300745310,USD
2022-03-14,39666.75390625,39666.75390625,24322159070,USD
2022-03-15,39338.78515625,39338.78515625,23934000868,USD
2022-03-16,41143.9296875,41143.9296875,39616916192,USD
2022-03-17,40951.37890625,40951.37890625,22009601093,USD
2022-03-18,41801.15625,41801.15625,34421564942,USD
2022-03-19,42190.65234375,42190.65234375,19664853187,USD
2022-03-20,41247.82421875,41247.82421875,20127946682,USD
2022-03-21,41077.99609375,41077.99609375,24615543271,USD
2022-03-22,42358.80859375,42358.80859375,32004652376,USD
2022-03-23,42892.95703125,42892.95703125,25242943069,USD
2022-03-24,43960.93359375,43960.93359375,31042992291,USD
2022-03-25,44348.73046875,44348.73046875,30574413034,USD
2022-03-26,44500.828125,44500.828125,16950455995,USD
2022-03-27,46820.4921875,46820.4921875,28160889722,USD
2022-03-28,47128.00390625,47128.00390625,36362175703,USD
2022-03-29,47465.73046875,47465.73046875,31397059069,USD
2022-03-30,47062.6640625,47062.6640625,29333883962,USD
2022-03-31,45538.67578125,45538.67578125,33327427106,USD
2022-04-01,46281.64453125,46281.64453125,38162644287,USD
2022-04-02,45868.94921875,45868.94921875,29336594194,USD
2022-04-03,46453.56640625,46453.56640625,25414397610,USD
2022-04-04,46622.67578125,46622.67578125,32499785455,USD
2022-04-05,45555.9921875,45555.9921875,29640604055,USD
2022-04-06,43206.73828125,43206.73828125,39393395788,USD
2022-04-07,43503.84765625,43503.84765625,26101973106,USD
2022-04-08,42287.6640625,42287.6640625,27215995394,USD
2022-04-09,42782.13671875,42782.13671875,16050772496,USD
2022-04-10,42207.671875,42207.671875,17654475582,USD
2022-04-11,39521.90234375,39521.90234375,33949912166,USD
2022-04-12,40127.18359375,40127.18359375,30991500854,USD
2022-04-13,41166.73046875,41166.73046875,27691105228,USD
2022-04-14,39935.515625,39935.515625,24342001973,USD
2022-04-15,40553.46484375,40553.46484375,21756855753,USD
2022-04-16,40424.484375,40424.484375,16833150693,USD
2022-04-17,39716.953125,39716.953125,19087633042,USD
2022-04-18,40826.21484375,40826.21484375,33705182072,USD
2022-04-19,41502.75,41502.75,25303206547,USD
2022-04-20,41374.37890625,41374.37890625,27819532341,USD
2022-04-21,40527.36328125,40527.36328125,35372786395,USD
2022-04-22,39740.3203125,39740.3203125,28011716745,USD
2022-04-23,39486.73046875,39486.73046875,16138021249,USD
2022-04-24,39469.29296875,39469.29296875,17964398167,USD
2022-04-25,40458.30859375,40458.30859375,35445730570,USD
2022-04-26,38117.4609375,38117.4609375,34569088416,USD
2022-04-27,39241.12109375,39241.12109375,30981015184,USD
2022-04-28,39773.828125,39773.828125,33903704907,USD
2022-04-29,38609.82421875,38609.82421875,30882994649,USD
2022-04-30,37714.875,37714.875,23895713731,USD
2022-05-01,38469.09375,38469.09375,27002760110,USD
2022-05-02,38529.328125,38529.328125,32922642426,USD
2022-05-03,37750.453125,37750.453125,27326943244,USD
2022-05-04,39698.37109375,39698.37109375,36754404490,USD
2022-05-05,36575.140625,36575.140625,43106256317,USD
2022-05-06,36040.921875,36040.921875,37795577489,USD
2022-05-07,35501.953125,35501.953125,24375896406,USD
2022-05-08,34059.265625,34059.265625,36763041910,USD
2022-05-09,30296.953125,30296.953125,63355494961,USD
2022-05-10,31022.90625,31022.90625,59811038817,USD
2022-05-11,28936.35546875,28936.35546875,70388855818,USD
2022-05-12,29047.751953125,29047.751953125,66989173272,USD
2022-05-13,29283.103515625,29283.103515625,42841124537,USD
2022-05-14,30101.265625,30101.265625,28579868620,USD
2022-05-15,31305.11328125,31305.11328125,25835372065,USD
2022-05-16,29862.91796875,29862.91796875,32613897286,USD
2022-05-17,30425.857421875,30425.857421875,29101473475,USD
2022-05-18,28720.271484375,28720.271484375,31285268319,USD
2022-05-19,30314.333984375,30314.333984375,33773447707,USD
2022-05-20,29200.740234375,29200.740234375,30749382605,USD
2022-05-21,29432.2265625,29432.2265625,17274840442,USD
2022-05-22,30323.72265625,30323.72265625,21631532270,USD
2022-05-23,29098.91015625,29098.91015625,31483454557,USD
2022-05-24,29655.5859375,29655.5859375,26616506245,USD
2022-05-25,29562.361328125,29562.361328125,27525063551,USD
2022-05-26,29267.224609375,29267.224609375,36774325352,USD
2022-05-27,28627.57421875,28627.57421875,36582005748,USD
2022-05-28,28814.900390625,28814.900390625,35519577634,USD
2022-05-29,29445.95703125,29445.95703125,18093886409,USD
2022-05-30,31726.390625,31726.390625,39277993274,USD
2022-05-31,31792.310546875,31792.310546875,33538210634,USD
2022-06-01,29799.080078125,29799.080078125,41135817341,USD
2022-06-02,30467.48828125,30467.48828125,29083562061,USD
2022-06-03,29704.390625,29704.390625,26175547452,USD
2022-06-04,29832.9140625,29832.9140625,16588370958,USD
2022-06-05,29906.662109375,29906.662109375,17264085441,USD
2022-06-06,31370.671875,31370.671875,31947336829,USD
2022-06-07,31155.478515625,31155.478515625,40770974039,USD
2022-06-08,30214.35546875,30214.35546875,30242059107,USD
2022-06-09,30111.998046875,30111.998046875,21692004719,USD
2022-06-10,29083.8046875,29083.8046875,29867476527,USD
2022-06-11,28360.810546875,28360.810546875,27246574439,USD
2022-06-12,26762.6484375,26762.6484375,34163220274,USD
2022-06-13,22487.388671875,22487.388671875,68204556440,USD
2022-06-14,22206.79296875,22206.79296875,50913575242,USD
2022-06-15,22572.83984375,22572.83984375,54912007015,USD
2022-06-16,20381.650390625,20381.650390625,31183975654,USD
2022-06-17,20471.482421875,20471.482421875,27132421514,USD
2022-06-18,19017.642578125,19017.642578125,42009436760,USD
2022-06-19,20553.271484375,20553.271484375,35329942625,USD
2022-06-20,20599.537109375,20599.537109375,30818458597,USD
2022-06-21,20710.59765625,20710.59765625,28970212744,USD
2022-06-22,19987.029296875,19987.029296875,28574793478,USD
2022-06-23,21085.876953125,21085.876953125,26188097173,USD
2022-06-24,21231.65625,21231.65625,24957784918,USD
2022-06-25,21502.337890625,21502.337890625,18372538715,USD
2022-06-26,21027.294921875,21027.294921875,18027170497,USD
2022-06-27,20735.478515625,20735.478515625,20965695707,USD
2022-06-28,20280.634765625,20280.634765625,21381535161,USD
2022-06-29,20104.0234375,20104.0234375,23552740328,USD
2022-06-30,19784.7265625,19784.7265625,26267239923,USD
2022-07-01,19269.3671875,19269.3671875,30767551159,USD
2022-07-02,19242.255859375,19242.255859375,18100418740,USD
2022-07-03,19297.076171875,19297.076171875,16390821947,USD
2022-07-04,20231.26171875,20231.26171875,21594638208,USD
2022-07-05,20190.115234375,20190.115234375,26715546990,USD
2022-07-06,20548.24609375,20548.24609375,24598943708,USD
2022-07-07,21637.587890625,21637.587890625,25814972520,USD
2022-07-08,21731.1171875,21731.1171875,49899834488,USD
2022-07-09,21592.20703125,21592.20703125,29641127858,USD
2022-07-10,20860.44921875,20860.44921875,28688807249,USD
2022-07-11,19970.556640625,19970.556640625,24150249025,USD
2022-07-12,19323.9140625,19323.9140625,25810220018,USD
2022-07-13,20212.07421875,20212.07421875,33042430345,USD
2022-07-14,20569.919921875,20569.919921875,31158743333,USD
2022-07-15,20836.328125,20836.328125,25905575359,USD
2022-07-16,21190.31640625,21190.31640625,24302954056,USD
2022-07-17,20779.34375,20779.34375,22927802083,USD
2022-07-18,22485.689453125,22485.689453125,39974475562,USD
2022-07-19,23389.43359375,23389.43359375,48765202697,USD
2022-07-20,23231.732421875,23231.732421875,42932549127,USD
2022-07-21,23164.62890625,23164.62890625,33631012204,USD
2022-07-22,22714.978515625,22714.978515625,31421555646,USD
2022-07-23,22465.478515625,22465.478515625,24021799169,USD
2022-07-24,22609.1640625,22609.1640625,23565495303,USD
2022-07-25,21361.701171875,21361.701171875,35574561406,USD
2022-07-26,21239.75390625,21239.75390625,28624673855,USD
2022-07-27,22930.548828125,22930.548828125,31758955233,USD
2022-07-28,23843.88671875,23843.88671875,40212386158,USD
2022-07-29,23804.6328125,23804.6328125,35887249746,USD
2022-07-30,23656.20703125,23656.20703125,28148218301,USD
2022-07-31,23336.896484375,23336.896484375,23553591896,USD
2022-08-01,23314.19921875,23314.19921875,25849159141,USD
2022-08-02,22978.1171875,22978.1171875,28389250717,USD
2022-08-03,22846.5078125,22846.5078125,26288169966,USD
2022-08-04,22630.95703125,22630.95703125,25120229769,USD
2022-08-05,23289.314453125,23289.314453125,28881249043,USD
2022-08-06,22961.279296875,22961.279296875,15978259885,USD
2022-08-07,23175.890625,23175.890625,15886817043,USD
2022-08-08,23809.486328125,23809.486328125,28575544847,USD
2022-08-09,23164.318359375,23164.318359375,23555719219,USD
2022-08-10,23947.642578125,23947.642578125,32837431722,USD
2022-08-11,23957.529296875,23957.529296875,37127036580,USD
2022-08-12,24402.818359375,24402.818359375,27265804688,USD
2022-08-13,24424.068359375,24424.068359375,22987346289,USD
2022-08-14,24319.333984375,24319.333984375,22994133555,USD
2022-08-15,24136.97265625,24136.97265625,35123501685,USD
2022-08-16,23883.291015625,23883.291015625,27753685646,USD
2022-08-17,23335.998046875,23335.998046875,30931623076,USD
2022-08-18,23212.73828125,23212.73828125,23747613147,USD
2022-08-19,20877.552734375,20877.552734375,40509610260,USD
2022-08-20,21166.060546875,21166.060546875,27595671000,USD
2022-08-21,21534.12109375,21534.12109375,23102307723,USD
2022-08-22,21398.908203125,21398.908203125,31666498758,USD
2022-08-23,21528.087890625,21528.087890625,31878280659,USD
2022-08-24,21395.01953125,21395.01953125,31962253368,USD
2022-08-25,21600.904296875,21600.904296875,31028679593,USD
2022-08-26,20260.01953125,20260.01953125,42326789564,USD
2022-08-27,20041.73828125,20041.73828125,30116729776,USD
2022-08-28,19616.814453125,19616.814453125,24366810591,USD
2022-08-29,20297.994140625,20297.994140625,32637854078,USD
2022-08-30,19796.80859375,19796.80859375,34483360283,USD
2022-08-31,20049.763671875,20049.763671875,33225232872,USD
2022-09-01,20127.140625,20127.140625,30182031010,USD
2022-09-02,19969.771484375,19969.771484375,29123998928,USD
2022-09-03,19832.087890625,19832.087890625,23613051457,USD
2022-09-04,19986.712890625,19986.712890625,25245861652,USD
2022-09-05,19812.37109375,19812.37109375,28813460025,USD
2022-09-06,18837.66796875,18837.66796875,43403978910,USD
2022-09-07,19290.32421875,19290.32421875,35239757134,USD
2022-09-08,19329.833984375,19329.833984375,32194477850,USD
2022-09-09,21381.15234375,21381.15234375,48469528171,USD
2022-09-10,21680.5390625,21680.5390625,36913738894,USD
2022-09-11,21769.255859375,21769.255859375,34493951963,USD
2022-09-12,22370.44921875,22370.44921875,50212088965,USD
2022-09-13,20296.70703125,20296.70703125,51091116622,USD
2022-09-14,20241.08984375,20241.08984375,37872380889,USD
2022-09-15,19701.2109375,19701.2109375,36389011503,USD
2022-09-16,19772.583984375,19772.583984375,30123362273,USD
2022-09-17,20127.576171875,20127.576171875,24957448100,USD
2022-09-18,19419.505859375,19419.505859375,31254779144,USD
2022-09-19,19544.12890625,19544.12890625,40177002624,USD
2022-09-20,18890.7890625,18890.7890625,36791346508,USD
2022-09-21,18547.400390625,18547.400390625,46363793975,USD
2022-09-22,19413.55078125,19413.55078125,41135767926,USD
2022-09-23,19297.638671875,19297.638671875,38896078052,USD
2022-09-24,18937.01171875,18937.01171875,26149643168,USD
2022-09-25,18802.09765625,18802.09765625,23359966112,USD
2022-09-26,19222.671875,19222.671875,44148798321,USD
2022-09-27,19110.546875,19110.546875,58571439619,USD
2022-09-28,19426.720703125,19426.720703125,53071298734,USD
2022-09-29,19573.05078125,19573.05078125,41037843771,USD
2022-09-30,19431.7890625,19431.7890625,43975248085,USD
2022-10-01,19312.095703125,19312.095703125,18719537670,USD
2022-10-02,19044.107421875,19044.107421875,20765955327,USD
2022-10-03,19623.580078125,19623.580078125,30484729489,USD
2022-10-04,20336.84375,20336.84375,35887278685,USD
2022-10-05,20160.716796875,20160.716796875,33223790572,USD
2022-10-06,19955.443359375,19955.443359375,34711412966,USD
2022-10-07,19546.849609375,19546.849609375,29227315390,USD
2022-10-08,19416.568359375,19416.568359375,16437423167,USD
2022-10-09,19446.42578125,19446.42578125,16837262532,USD
2022-10-10,19141.484375,19141.484375,27425022774,USD
2022-10-11,19051.41796875,19051.41796875,28711532910,USD
2022-10-12,19157.4453125,19157.4453125,24950173846,USD
2022-10-13,19382.904296875,19382.904296875,44219840004,USD
2022-10-14,19185.65625,19185.65625,38452356727,USD
2022-10-15,19067.634765625,19067.634765625,16192235532,USD
2022-10-16,19268.09375,19268.09375,17988916650,USD
2022-10-17,19550.7578125,19550.7578125,27472552998,USD
2022-10-18,19334.416015625,19334.416015625,30580012344,USD
2022-10-19,19139.53515625,19139.53515625,22425387184,USD
2022-10-20,19053.740234375,19053.740234375,24493974420,USD
2022-10-21,19172.46875,19172.46875,32459287866,USD
2022-10-22,19208.189453125,19208.189453125,16104440957,USD
2022-10-23,19567.0078125,19567.0078125,22128794335,USD
2022-10-24,19345.572265625,19345.572265625,30202235805,USD
2022-10-25,20095.857421875,20095.857421875,47761524910,USD
2022-10-26,20770.44140625,20770.44140625,58895950537,USD
2022-10-27,20285.8359375,20285.8359375,49625110402,USD
2022-10-28,20595.3515625,20595.3515625,43994715910,USD
2022-10-29,20818.4765625,20818.4765625,40369840645,USD
2022-10-30,20635.603515625,20635.603515625,31486345556,USD
2022-10-31,20495.7734375,20495.7734375,45668466815,USD
2022-11-01,20485.2734375,20485.2734375,39819303159,USD
2022-11-02,20159.50390625,20159.50390625,55552169483,USD
2022-11-03,20209.98828125,20209.98828125,43228750179,USD
2022-11-04,21147.23046875,21147.23046875,64072727950,USD
2022-11-05,21282.69140625,21282.69140625,37846047609,USD
2022-11-06,20926.486328125,20926.486328125,35082693210,USD
2022-11-07,20602.81640625,20602.81640625,53510852236,USD
2022-11-08,18541.271484375,18541.271484375,118992465607,USD
2022-11-09,15880.7802734375,15880.7802734375,102905151606,USD
2022-11-10,17586.771484375,17586.771484375,83202283721,USD
2022-11-11,17034.29296875,17034.29296875,55871616488,USD
2022-11-12,16799.185546875,16799.185546875,29717699419,USD
2022-11-13,16353.365234375,16353.365234375,27209183682,USD
2022-11-14,16618.19921875,16618.19921875,49630243054,USD
2022-11-15,16884.61328125,16884.61328125,36599436183,USD
2022-11-16,16669.439453125,16669.439453125,33925512989,USD
2022-11-17,16687.517578125,16687.517578125,27868914022,USD
2022-11-18,16697.77734375,16697.77734375,26862218609,USD
2022-11-19,16711.546875,16711.546875,16106223492,USD
2022-11-20,16291.83203125,16291.83203125,21313378652,USD
2022-11-21,15787.2841796875,15787.2841796875,37429485518,USD
2022-11-22,16189.76953125,16189.76953125,30726828760,USD
2022-11-23,16610.70703125,16610.70703125,32958875628,USD
2022-11-24,16604.46484375,16604.46484375,26129037414,USD
2022-11-25,16521.841796875,16521.841796875,18678255976,USD
2022-11-26,16464.28125,16464.28125,18000008764,USD
2022-11-27,16444.626953125,16444.626953125,20443898509,USD
2022-11-28,16217.322265625,16217.322265625,27743025156,USD
2022-11-29,16444.982421875,16444.982421875,23581685468,USD
2022-11-30,17168.56640625,17168.56640625,29523576583,USD
2022-12-01,16967.1328125,16967.1328125,22895392882,USD
2022-12-02,17088.66015625,17088.66015625,19539705127,USD
2022-12-03,16908.236328125,16908.236328125,16217776704,USD
2022-12-04,17130.486328125,17130.486328125,16824520830,USD
2022-12-05,16974.826171875,16974.826171875,22209086834,USD
2022-12-06,17089.50390625,17089.50390625,19889922369,USD
2022-12-07,16848.126953125,16848.126953125,19675404389,USD
2022-12-08,17233.474609375,17233.474609375,20496603770,USD
2022-12-09,17133.15234375,17133.15234375,20328426366,USD
2022-12-10,17128.724609375,17128.724609375,12706781969,USD
2022-12-11,17104.193359375,17104.193359375,14122486832,USD
2022-12-12,17206.4375,17206.4375,19617581341,USD
2022-12-13,17781.318359375,17781.318359375,26634741631,USD
2022-12-14,17815.650390625,17815.650390625,25534481470,USD
2022-12-15,17364.865234375,17364.865234375,20964448341,USD
2022-12-16,16647.484375,16647.484375,24031608960,USD
2022-12-17,16795.091796875,16795.091796875,14463581825,USD
2022-12-18,16757.9765625,16757.9765625,10924354698,USD
2022-12-19,16439.6796875,16439.6796875,17221074814,USD
2022-12-20,16906.3046875,16906.3046875,22722096615,USD
2022-12-21,16817.53515625,16817.53515625,14882945045,USD
2022-12-22,16830.341796875,16830.341796875,16441573050,USD
2022-12-23,16796.953125,16796.953125,15329265213,USD
2022-12-24,16847.755859375,16847.755859375,9744636213,USD
2022-12-25,16841.986328125,16841.986328125,11656379938,USD
2022-12-26,16919.8046875,16919.8046875,11886957804,USD
2022-12-27,16717.173828125,16717.173828125,15748580239,USD
2022-12-28,16552.572265625,16552.572265625,17005713920,USD
2022-12-29,16642.341796875,16642.341796875,14472237479,USD
2022-12-30,16602.5859375,16602.5859375,15929162910,USD
2022-12-31,16547.49609375,16547.49609375,11239186456,USD
2023-01-01,16625.080078125,16625.080078125,9244361700,USD
2023-01-02,16688.470703125,16688.470703125,12097775227,USD
2023-01-03,16679.857421875,16679.857421875,13903079207,USD
2023-01-04,16863.23828125,16863.23828125,18421743322,USD
2023-01-05,16836.736328125,16836.736328125,13692758566,USD
2023-01-06,16951.96875,16951.96875,14413662913,USD
2023-01-07,16955.078125,16955.078125,7714767174,USD
2023-01-08,17091.14453125,17091.14453125,9768827914,USD
2023-01-09,17196.5546875,17196.5546875,18624736866,USD
2023-01-10,17446.29296875,17446.29296875,15808338949,USD
2023-01-11,17934.896484375,17934.896484375,18372283782,USD
2023-01-12,18869.587890625,18869.587890625,34971338710,USD
2023-01-13,19909.57421875,19909.57421875,29225029694,USD
2023-01-14,20976.298828125,20976.298828125,38967784639,USD
2023-01-15,20880.798828125,20880.798828125,19298407543,USD
2023-01-16,21169.6328125,21169.6328125,26792494050,USD
2023-01-17,21161.51953125,21161.51953125,24999983362,USD
2023-01-18,20688.78125,20688.78125,30005625418,USD
2023-01-19,21086.79296875,21086.79296875,21152848261,USD
2023-01-20,22676.552734375,22676.552734375,28799154319,USD
2023-01-21,22777.625,22777.625,32442278429,USD
2023-01-22,22720.416015625,22720.416015625,24746386230,USD
2023-01-23,22934.431640625,22934.431640625,26518700512,USD
2023-01-24,22636.46875,22636.46875,26405069715,USD
2023-01-25,23117.859375,23117.859375,30685366709,USD
2023-01-26,23032.77734375,23032.77734375,26357839322,USD
2023-01-27,23078.728515625,23078.728515625,25383335641,USD
2023-01-28,23031.08984375,23031.08984375,14712928379,USD
2023-01-29,23774.56640625,23774.56640625,27423687259,USD
2023-01-30,22840.138671875,22840.138671875,27205595568,USD
2023-01-31,23139.283203125,23139.283203125,22837828665,USD
2023-02-01,23723.76953125,23723.76953125,26683255504,USD
2023-02-02,23471.87109375,23471.87109375,32066936882,USD
2023-02-03,23449.322265625,23449.322265625,27083066007,USD
2023-02-04,23331.84765625,23331.84765625,15639298538,USD
2023-02-05,22955.666015625,22955.666015625,19564262605,USD
2023-02-06,22760.109375,22760.109375,23825006542,USD
2023-02-07,23264.291015625,23264.291015625,27187964471,USD
2023-02-08,22939.3984375,22939.3984375,25371367758,USD
2023-02-09,21819.0390625,21819.0390625,32572572185,USD
2023-02-10,21651.18359375,21651.18359375,27078406594,USD
2023-02-11,21870.875,21870.875,16356226232,USD
2023-02-12,21788.203125,21788.203125,17821046406,USD
2023-02-13,21808.1015625,21808.1015625,23918742607,USD
2023-02-14,22220.8046875,22220.8046875,26792596581,USD
2023-02-15,24307.841796875,24307.841796875,32483312909,USD
2023-02-16,23623.474609375,23623.474609375,39316664596,USD
2023-02-17,24565.6015625,24565.6015625,41358451255,USD
2023-02-18,24641.27734375,24641.27734375,19625427158,USD
2023-02-19,24327.642578125,24327.642578125,25555105670,USD
2023-02-20,24829.1484375,24829.1484375,28987376573,USD
2023-02-21,24436.353515625,24436.353515625,31252098714,USD
2023-02-22,24188.84375,24188.84375,30199996781,USD
2023-02-23,23947.4921875,23947.4921875,30476264066,USD
2023-02-24,23198.126953125,23198.126953125,26811744928,USD
2023-02-25,23175.375,23175.375,16100721565,USD
2023-02-26,23561.212890625,23561.212890625,16644534842,USD
2023-02-27,23522.87109375,23522.87109375,22660763494,USD
2023-02-28,23147.353515625,23147.353515625,20535363434,USD
2023-03-01,23646.55078125,23646.55078125,24662841200,USD
2023-03-02,23475.466796875,23475.466796875,20386398516,USD
2023-03-03,22362.6796875,22362.6796875,26062404610,USD
2023-03-04,22353.349609375,22353.349609375,11166012913,USD
2023-03-05,22435.513671875,22435.513671875,13317001733,USD
2023-03-06,22429.7578125,22429.7578125,17353192895,USD
2023-03-07,22219.76953125,22219.76953125,22765452204,USD
2023-03-08,21718.080078125,21718.080078125,22536575684,USD
2023-03-09,20363.021484375,20363.021484375,30364664171,USD
2023-03-10,20187.244140625,20187.244140625,39578257695,USD
2023-03-11,20632.41015625,20632.41015625,30180288176,USD
2023-03-12,22163.94921875,22163.94921875,29279035521,USD
2023-03-13,24197.533203125,24197.533203125,49466362688,USD
2023-03-14,24746.07421875,24746.07421875,54622230164,USD
2023-03-15,24375.9609375,24375.9609375,43655701450,USD
2023-03-16,25052.7890625,25052.7890625,33866061747,USD
2023-03-17,27423.9296875,27423.9296875,50730261335,USD
2023-03-18,26965.87890625,26965.87890625,35723036817,USD
2023-03-19,28038.67578125,28038.67578125,37769448859,USD
2023-03-20,27767.236328125,27767.236328125,44774027664,USD
2023-03-21,28175.81640625,28175.81640625,36102192830,USD
2023-03-22,27307.4375,27307.4375,33382021890,USD
2023-03-23,28333.97265625,28333.97265625,24220433689,USD
2023-03-24,27493.28515625,27493.28515625,25980310960,USD
2023-03-25,27494.70703125,27494.70703125,13383005987,USD
2023-03-26,27994.330078125,27994.330078125,13878363192,USD
2023-03-27,27139.888671875,27139.888671875,18188895178,USD
2023-03-28,27268.130859375,27268.130859375,17783600385,USD
2023-03-29,28348.44140625,28348.44140625,20684945906,USD
2023-03-30,28033.5625,28033.5625,22435349951,USD
2023-03-31,28478.484375,28478.484375,19001327598,USD
2023-04-01,28411.03515625,28411.03515625,10876469901,USD
2023-04-02,28199.30859375,28199.30859375,12284641999,USD
2023-04-03,27790.220703125,27790.220703125,19556501327,USD
2023-04-04,28168.08984375,28168.08984375,15284538859,USD
2023-04-05,28177.984375,28177.984375,17052315986,USD
2023-04-06,28044.140625,28044.140625,13837809380,USD
2023-04-07,27925.859375,27925.859375,10861680497,USD
2023-04-08,27947.794921875,27947.794921875,9373255556,USD
2023-04-09,28333.05078125,28333.05078125,12175322951,USD
2023-04-10,29652.98046875,29652.98046875,19282400094,USD
2023-04-11,30235.05859375,30235.05859375,20121259843,USD
2023-04-12,30139.052734375,30139.052734375,18651929926,USD
2023-04-13,30399.06640625,30399.06640625,17487721001,USD
2023-04-14,30485.69921875,30485.69921875,22659995079,USD
2023-04-15,30318.49609375,30318.49609375,11940685378,USD
2023-04-16,30315.35546875,30315.35546875,12854816417,USD
2023-04-17,29445.044921875,29445.044921875,17872186762,USD
2023-04-18,30397.552734375,30397.552734375,19480529496,USD
2023-04-19,28822.6796875,28822.6796875,24571565421,USD
2023-04-20,28245.98828125,28245.98828125,21340360360,USD
2023-04-21,27276.91015625,27276.91015625,20759504330,USD
2023-04-22,27817.5,27817.5,13125734602,USD
2023-04-23,27591.384765625,27591.384765625,12785446832,USD
2023-04-24,27525.33984375,27525.33984375,17703288330,USD
2023-04-25,28307.59765625,28307.59765625,17733373139,USD
2023-04-26,28422.701171875,28422.701171875,31854242019,USD
2023-04-27,29473.787109375,29473.787109375,27153445027,USD
2023-04-28,29340.26171875,29340.26171875,17544464887,USD
2023-04-29,29248.48828125,29248.48828125,10662634333,USD
2023-04-30,29268.806640625,29268.806640625,14652199272,USD
2023-05-01,28091.568359375,28091.568359375,18655599976,USD
2023-05-02,28680.537109375,28680.537109375,16432924527,USD
2023-05-03,29006.30859375,29006.30859375,19122972518,USD
2023-05-04,28847.7109375,28847.7109375,15548678514,USD
2023-05-05,29534.384765625,29534.384765625,17936566518,USD
2023-05-06,28904.623046875,28904.623046875,15913866714,USD
2023-05-07,28454.978515625,28454.978515625,11301355486,USD
2023-05-08,27694.2734375,27694.2734375,19122903752,USD
2023-05-09,27658.775390625,27658.775390625,14128593256,USD
2023-05-10,27621.755859375,27621.755859375,20656025026,USD
2023-05-11,27000.7890625,27000.7890625,16724343943,USD
2023-05-12,26804.990234375,26804.990234375,19313599897,USD
2023-05-13,26784.078125,26784.078125,9999171605,USD
2023-05-14,26930.638671875,26930.638671875,10014858959,USD
2023-05-15,27192.693359375,27192.693359375,14413231792,USD
2023-05-16,27036.650390625,27036.650390625,12732238816,USD
2023-05-17,27398.802734375,27398.802734375,15140006925,USD
2023-05-18,26832.208984375,26832.208984375,15222938600,USD
2023-05-19,26890.12890625,26890.12890625,11258983301,USD
2023-05-20,27129.5859375,27129.5859375,7044911360,USD
2023-05-21,26753.826171875,26753.826171875,8647416921,USD
2023-05-22,26851.27734375,26851.27734375,11056770492,USD
2023-05-23,27225.7265625,27225.7265625,13697203143,USD
2023-05-24,26334.818359375,26334.818359375,16299104428,USD
2023-05-25,26476.20703125,26476.20703125,13851122697,USD
2023-05-26,26719.291015625,26719.291015625,12711619225,USD
2023-05-27,26868.353515625,26868.353515625,7892015141,USD
2023-05-28,28085.646484375,28085.646484375,14545229578,USD
2023-05-29,27745.884765625,27745.884765625,15181308984,USD
2023-05-30,27702.349609375,27702.349609375,13251081851,USD
2023-05-31,27219.658203125,27219.658203125,15656371534,USD
2023-06-01,26819.97265625,26819.97265625,14678970415,USD
2023-06-02,27249.58984375,27249.58984375,14837415000,USD
2023-06-03,27075.12890625,27075.12890625,8385597470,USD
2023-06-04,27119.06640625,27119.06640625,9360912318,USD
2023-06-05,25760.09765625,25760.09765625,21513292646,USD
2023-06-06,27238.783203125,27238.783203125,21929670693,USD
2023-06-07,26345.998046875,26345.998046875,19530045082,USD
2023-06-08,26508.216796875,26508.216796875,11904824295,USD
2023-06-09,26480.375,26480.375,11015551640,USD
2023-06-10,25851.240234375,25851.240234375,19872933189,USD
2023-06-11,25940.16796875,25940.16796875,10732609603,USD
2023-06-12,25902.5,25902.5,11677889997,USD
2023-06-13,25918.728515625,25918.728515625,14143474486,USD
2023-06-14,25124.67578125,25124.67578125,14265717766,USD
2023-06-15,25576.39453125,25576.39453125,15837384409,USD
2023-06-16,26327.462890625,26327.462890625,16324646965,USD
2023-06-17,26510.67578125,26510.67578125,11090276850,USD
2023-06-18,26336.212890625,26336.212890625,9565695129,USD
2023-06-19,26851.029296875,26851.029296875,12826986222,USD
2023-06-20,28327.48828125,28327.48828125,22211859147,USD
2023-06-21,30027.296875,30027.296875,33346760979,USD
2023-06-22,29912.28125,29912.28125,20653160491,USD
2023-06-23,30695.46875,30695.46875,24115570085,USD
2023-06-24,30548.6953125,30548.6953125,12147822496,USD
2023-06-25,30480.26171875,30480.26171875,12703464114,USD
2023-06-26,30271.130859375,30271.130859375,16493186997,USD
2023-06-27,30688.1640625,30688.1640625,16428827944,USD
2023-06-28,30086.24609375,30086.24609375,14571500779,USD
2023-06-29,30445.3515625,30445.3515625,13180860821,USD
2023-06-30,30477.251953125,30477.251953125,26387306197,USD
2023-07-01,30590.078125,30590.078125,9086606733,USD
2023-07-02,30620.76953125,30620.76953125,10533418042,USD
2023-07-03,31156.439453125,31156.439453125,15271884873,USD
2023-07-04,30777.58203125,30777.58203125,12810828427,USD
2023-07-05,30514.166015625,30514.166015625,12481622280,USD
2023-07-06,29909.337890625,29909.337890625,21129219509,USD
2023-07-07,30342.265625,30342.265625,13384770155,USD
2023-07-08,30292.541015625,30292.541015625,7509378699,USD
2023-07-09,30171.234375,30171.234375,7903327692,USD
2023-07-10,30414.470703125,30414.470703125,14828209155,USD
2023-07-11,30620.951171875,30620.951171875,12151839152,USD
2023-07-12,30391.646484375,30391.646484375,14805659717,USD
2023-07-13,31476.048828125,31476.048828125,23686079548,USD
2023-07-14,30334.068359375,30334.068359375,20917902660,USD
2023-07-15,30295.806640625,30295.806640625,8011667756,USD
2023-07-16,30249.1328125,30249.1328125,8516564470,USD
2023-07-17,30145.888671875,30145.888671875,13240156074,USD
2023-07-18,29856.5625,29856.5625,13138897269,USD
2023-07-19,29913.923828125,29913.923828125,12128602812,USD
2023-07-20,29792.015625,29792.015625,14655207121,USD
2023-07-21,29908.744140625,29908.744140625,10972789818,USD
2023-07-22,29771.802734375,29771.802734375,7873300598,USD
2023-07-23,30084.5390625,30084.5390625,9220145050,USD
2023-07-24,29176.916015625,29176.916015625,15395817395,USD
2023-07-25,29227.390625,29227.390625,10266772793,USD
2023-07-26,29354.97265625,29354.97265625,13497554655,USD
2023-07-27,29210.689453125,29210.689453125,10770779217,USD
2023-07-28,29319.24609375,29319.24609375,11218474952,USD
2023-07-29,29356.91796875,29356.91796875,6481775959,USD
2023-07-30,29275.30859375,29275.30859375,8678454527,USD
2023-07-31,29230.111328125,29230.111328125,11656781982,USD
2023-08-01,29675.732421875,29675.732421875,18272392391,USD
2023-08-02,29151.958984375,29151.958984375,19212655598,USD
2023-08-03,29178.6796875,29178.6796875,12780357746,USD
2023-08-04,29074.091796875,29074.091796875,12036639988,USD
2023-08-05,29042.126953125,29042.126953125,6598366353,USD
2023-08-06,29041.85546875,29041.85546875,7269806994,USD
2023-08-07,29180.578125,29180.578125,13618163710,USD
2023-08-08,29765.4921875,29765.4921875,17570561357,USD
2023-08-09,29561.494140625,29561.494140625,18379521213,USD
2023-08-10,29429.591796875,29429.591796875,11865344789,USD
2023-08-11,29397.71484375,29397.71484375,10195168197,USD
2023-08-12,29415.96484375,29415.96484375,6194358008,USD
2023-08-13,29282.9140625,29282.9140625,7329897180,USD
2023-08-14,29408.443359375,29408.443359375,14013695304,USD
2023-08-15,29170.34765625,29170.34765625,12640195779,USD
2023-08-16,28701.779296875,28701.779296875,14949271904,USD
2023-08-17,26664.55078125,26664.55078125,31120851211,USD
2023-08-18,26049.556640625,26049.556640625,24026236529,USD
2023-08-19,26096.205078125,26096.205078125,10631443812,USD
2023-08-20,26189.583984375,26189.583984375,9036580420,USD
2023-08-21,26124.140625,26124.140625,13371557893,USD
2023-08-22,26031.65625,26031.65625,14503820706,USD
2023-08-23,26431.640625,26431.640625,16985265785,USD
2023-08-24,26162.373046875,26162.373046875,12871532023,USD
2023-08-25,26047.66796875,26047.66796875,12406045118,USD
2023-08-26,26008.462890625,26008.462890625,6034817316,USD
2023-08-27,26089.693359375,26089.693359375,6913768611,USD
2023-08-28,26106.150390625,26106.150390625,11002805166,USD
2023-08-29,27727.392578125,27727.392578125,29368391712,USD
2023-08-30,27297.265625,27297.265625,16343655235,USD
2023-08-31,25931.47265625,25931.47265625,20181001451,USD
2023-09-01,25800.724609375,25800.724609375,17202862221,USD
2023-09-02,25868.798828125,25868.798828125,10100387473,USD
2023-09-03,25969.56640625,25969.56640625,8962524523,USD
2023-09-04,25812.416015625,25812.416015625,10680635106,USD
2023-09-05,25779.982421875,25779.982421875,11094740040,USD
2023-09-06,25753.236328125,25753.236328125,12752705327,USD
2023-09-07,26240.1953125,26240.1953125,11088307100,USD
2023-09-08,25905.654296875,25905.654296875,10817356400,USD
2023-09-09,25895.677734375,25895.677734375,5481314132,USD
2023-09-10,25832.2265625,25832.2265625,7899553047,USD
2023-09-11,25162.654296875,25162.654296875,14600006467,USD
2023-09-12,25833.34375,25833.34375,18657279324,USD
2023-09-13,26228.32421875,26228.32421875,13072077070,USD
2023-09-14,26539.673828125,26539.673828125,13811359124,USD
2023-09-15,26608.693359375,26608.693359375,11479735788,USD
2023-09-16,26568.28125,26568.28125,7402031417,USD
2023-09-17,26534.1875,26534.1875,6774210670,USD
2023-09-18,26754.28125,26754.28125,15615339655,USD
2023-09-19,27211.1171875,27211.1171875,13807690550,USD
2023-09-20,27132.0078125,27132.0078125,13281116604,USD
2023-09-21,26567.6328125,26567.6328125,13371443708,USD
2023-09-22,26579.568359375,26579.568359375,10578746709,USD
2023-09-23,26579.390625,26579.390625,7404700301,USD
2023-09-24,26256.826171875,26256.826171875,8192867686,USD
2023-09-25,26298.48046875,26298.48046875,11997833257,USD
2023-09-26,26217.25,26217.25,9985498161,USD
2023-09-27,26352.716796875,26352.716796875,11718380997,USD
2023-09-28,27021.546875,27021.546875,14079002707,USD
2023-09-29,26911.720703125,26911.720703125,10396435377,USD
2023-09-30,26967.916015625,26967.916015625,5331172801,USD
2023-10-01,27983.75,27983.75,9503917434,USD
2023-10-02,27530.78515625,27530.78515625,19793041322,USD
2023-10-03,27429.978515625,27429.978515625,11407814187,USD
2023-10-04,27799.39453125,27799.39453125,11143355314,USD
2023-10-05,27415.912109375,27415.912109375,11877253670,USD
2023-10-06,27946.59765625,27946.59765625,13492391599,USD
2023-10-07,27968.83984375,27968.83984375,6553044316,USD
2023-10-08,27935.08984375,27935.08984375,7916875290,USD
2023-10-09,27583.677734375,27583.677734375,12007668568,USD
2023-10-10,27391.01953125,27391.01953125,9973350678,USD
2023-10-11,26873.3203125,26873.3203125,13648094333,USD
2023-10-12,26756.798828125,26756.798828125,9392909295,USD
2023-10-13,26862.375,26862.375,15165312851,USD
2023-10-14,26861.70703125,26861.70703125,5388116782,USD
2023-10-15,27159.65234375,27159.65234375,7098201980,USD
2023-10-16,28519.466796875,28519.466796875,27833876539,USD
2023-10-17,28415.748046875,28415.748046875,14872527508,USD
2023-10-18,28328.341796875,28328.341796875,12724128586,USD
2023-10-19,28719.806640625,28719.806640625,14448058195,USD
2023-10-20,29682.94921875,29682.94921875,21536125230,USD
2023-10-21,29918.412109375,29918.412109375,11541146996,USD
2023-10-22,29993.896484375,29993.896484375,10446520040,USD
2023-10-23,33086.234375,33086.234375,38363572311,USD
2023-10-24,33901.52734375,33901.52734375,44934999645,USD
2023-10-25,34502.8203125,34502.8203125,25254318008,USD
2023-10-26,34156.6484375,34156.6484375,19427195376,USD
2023-10-27,33909.80078125,33909.80078125,16418032871,USD
2023-10-28,34089.57421875,34089.57421875,10160330825,USD
2023-10-29,34538.48046875,34538.48046875,11160323986,USD
2023-10-30,34502.36328125,34502.36328125,17184860315,USD
2023-10-31,34667.78125,34667.78125,15758270810,USD
2023-11-01,35437.25390625,35437.25390625,22446272005,USD
2023-11-02,34938.2421875,34938.2421875,20998158544,USD
2023-11-03,34732.32421875,34732.32421875,17158456701,USD
2023-11-04,35082.1953125,35082.1953125,9561294264,USD
2023-11-05,35049.35546875,35049.35546875,12412743996,USD
2023-11-06,35037.37109375,35037.37109375,12693436420,USD
2023-11-07,35443.5625,35443.5625,18834737789,USD
2023-11-08,35655.27734375,35655.27734375,17295394918,USD
2023-11-09,36693.125,36693.125,37762672382,USD
2023-11-10,37313.96875,37313.96875,22711265155,USD
2023-11-11,37138.05078125,37138.05078125,13924272142,USD
2023-11-12,37054.51953125,37054.51953125,11545715999,USD
2023-11-13,36502.35546875,36502.35546875,19057712790,USD
2023-11-14,35537.640625,35537.640625,23857403554,USD
2023-11-15,37880.58203125,37880.58203125,27365821679,USD
2023-11-16,36154.76953125,36154.76953125,26007385366,USD
2023-11-17,36596.68359375,36596.68359375,22445028430,USD
2023-11-18,36585.703125,36585.703125,11886022717,USD
2023-11-19,37386.546875,37386.546875,12915986553,USD
2023-11-20,37476.95703125,37476.95703125,20888209068,USD
2023-11-21,35813.8125,35813.8125,25172163756,USD
2023-11-22,37432.33984375,37432.33984375,24397247860,USD
2023-11-23,37289.62109375,37289.62109375,14214948217,USD
2023-11-24,37720.28125,37720.28125,22922957823,USD
2023-11-25,37796.79296875,37796.79296875,9099571165,USD
2023-11-26,37479.12109375,37479.12109375,13744796068,USD
2023-11-27,37254.16796875,37254.16796875,19002925720,USD
2023-11-28,37831.0859375,37831.0859375,21696137014,USD
2023-11-29,37858.4921875,37858.4921875,20728546658,USD
2023-11-30,37712.74609375,37712.74609375,18115982627,USD
2023-12-01,38688.75,38688.75,23512784002,USD
2023-12-02,39476.33203125,39476.33203125,15534035612,USD
2023-12-03,39978.390625,39978.390625,15769696322,USD
2023-12-04,41980.09765625,41980.09765625,39856129827,USD
2023-12-05,44080.6484375,44080.6484375,36312154535,USD
2023-12-06,43746.4453125,43746.4453125,29909761586,USD
2023-12-07,43292.6640625,43292.6640625,27635760671,USD
2023-12-08,44166.6015625,44166.6015625,24421116687,USD
2023-12-09,43725.984375,43725.984375,17368210171,USD
2023-12-10,43779.69921875,43779.69921875,13000481418,USD
2023-12-11,41243.83203125,41243.83203125,40632672038,USD
2023-12-12,41450.22265625,41450.22265625,24779520132,USD
2023-12-13,42890.7421875,42890.7421875,26797884674,USD
2023-12-14,43023.97265625,43023.97265625,25578530178,USD
2023-12-15,41929.7578125,41929.7578125,19639442462,USD
2023-12-16,42240.1171875,42240.1171875,14386729590,USD
2023-12-17,41364.6640625,41364.6640625,16678702876,USD
2023-12-18,42623.5390625,42623.5390625,25224642008,USD
2023-12-19,42270.52734375,42270.52734375,23171001281,USD
2023-12-20,43652.25,43652.25,27868908174,USD
2023-12-21,43869.15234375,43869.15234375,22452766169,USD
2023-12-22,43997.90234375,43997.90234375,21028503216,USD
2023-12-23,43739.54296875,43739.54296875,13507796558,USD
2023-12-24,43016.1171875,43016.1171875,18830554085,USD
2023-12-25,43613.140625,43613.140625,21115795370,USD
2023-12-26,42520.40234375,42520.40234375,30026850982,USD
2023-12-27,43442.85546875,43442.85546875,25260941032,USD
2023-12-28,42627.85546875,42627.85546875,22992093014,USD
2023-12-29,42099.40234375,42099.40234375,26000021055,USD
2023-12-30,42156.90234375,42156.90234375,16013925945,USD
2023-12-31,42265.1875,42265.1875,16397498810,USD
2024-01-01,44167.33203125,44167.33203125,18426978443,USD
2024-01-02,44957.96875,44957.96875,39335274536,USD
2024-01-03,42848.17578125,42848.17578125,46342323118,USD
2024-01-04,44179.921875,44179.921875,30448091210,USD
2024-01-05,44162.69140625,44162.69140625,32336029347,USD
2024-01-06,43989.1953125,43989.1953125,16092503468,USD
2024-01-07,43943.09765625,43943.09765625,19330573863,USD
2024-01-08,46970.50390625,46970.50390625,42746192015,USD
2024-01-09,46139.73046875,46139.73046875,39821290992,USD
2024-01-10,46627.77734375,46627.77734375,50114613298,USD
2024-01-11,46368.5859375,46368.5859375,45833734549,USD
2024-01-12,42853.16796875,42853.16796875,43332698900,USD
2024-01-13,42842.3828125,42842.3828125,20601860469,USD
2024-01-14,41796.26953125,41796.26953125,17521429522,USD
2024-01-15,42511.96875,42511.96875,22320220558,USD
2024-01-16,43154.9453125,43154.9453125,24062872740,USD
2024-01-17,42742.65234375,42742.65234375,20851232595,USD
2024-01-18,41262.05859375,41262.05859375,25218357242,USD
2024-01-19,41618.40625,41618.40625,25752407154,USD
2024-01-20,41665.5859375,41665.5859375,11586690904,USD
2024-01-21,41545.78515625,41545.78515625,9344043642,USD
2024-01-22,39507.3671875,39507.3671875,31338708143,USD
2024-01-23,39845.55078125,39845.55078125,29244553045,USD
2024-01-24,40077.07421875,40077.07421875,22359526178,USD
2024-01-25,39933.80859375,39933.80859375,18491782013,USD
2024-01-26,41816.87109375,41816.87109375,25598119893,USD
2024-01-27,42120.0546875,42120.0546875,11422941934,USD
2024-01-28,42035.59375,42035.59375,16858971687,USD
2024-01-29,43288.24609375,43288.24609375,20668476578,USD
2024-01-30,42952.609375,42952.609375,23842814518,USD
2024-01-31,42582.60546875,42582.60546875,24673628793,USD
2024-02-01,43075.7734375,43075.7734375,21423953779,USD
2024-02-02,43185.859375,43185.859375,18603843039,USD
2024-02-03,42992.25,42992.25,11169245236,USD
2024-02-04,42583.58203125,42583.58203125,14802225490,USD
2024-02-05,42658.66796875,42658.66796875,18715487317,USD
2024-02-06,43084.671875,43084.671875,16798476726,USD
2024-02-07,44318.22265625,44318.22265625,21126587775,USD
2024-02-08,45301.56640625,45301.56640625,26154524080,USD
2024-02-09,47147.19921875,47147.19921875,39316770844,USD
2024-02-10,47771.27734375,47771.27734375,16398681570,USD
2024-02-11,48293.91796875,48293.91796875,19315867136,USD
2024-02-12,49958.22265625,49958.22265625,34511985805,USD
2024-02-13,49742.44140625,49742.44140625,35593051468,USD
2024-02-14,51826.6953125,51826.6953125,39105608050,USD
2024-02-15,51938.5546875,51938.5546875,38564360533,USD
2024-02-16,52160.203125,52160.203125,28180567298,USD
2024-02-17,51662.99609375,51662.99609375,20009091006,USD
2024-02-18,52122.546875,52122.546875,17595377311,USD
2024-02-19,51779.14453125,51779.14453125,21362184346,USD
2024-02-20,52284.875,52284.875,33353758256,USD
2024-02-21,51839.1796875,51839.1796875,28624907020,USD
2024-02-22,51304.97265625,51304.97265625,25413900611,USD
2024-02-23,50731.94921875,50731.94921875,21427078270,USD
2024-02-24,51571.1015625,51571.1015625,15174077879,USD
2024-02-25,51733.23828125,51733.23828125,15413239245,USD
2024-02-26,54522.40234375,54522.40234375,34074411896,USD
2024-02-27,57085.37109375,57085.37109375,49756832031,USD
2024-02-28,62504.7890625,62504.7890625,83239156760,USD
2024-02-29,61198.3828125,61198.3828125,65496611844,USD
2024-03-01,62440.6328125,62440.6328125,40186368423,USD
2024-03-02,62029.84765625,62029.84765625,23888473685,USD
2024-03-03,63167.37109375,63167.37109375,26253811450,USD
2024-03-04,68330.4140625,68330.4140625,70670471105,USD
2024-03-05,63801.19921875,63801.19921875,102802940877,USD
2024-03-06,66106.8046875,66106.8046875,68750229073,USD
2024-03-07,66925.484375,66925.484375,46989543159,USD
2024-03-08,68300.09375,68300.09375,59202881172,USD
2024-03-09,68498.8828125,68498.8828125,21609650379,USD
2024-03-10,69019.7890625,69019.7890625,35683977532,USD
2024-03-11,72123.90625,72123.90625,65716656765,USD
2024-03-12,71481.2890625,71481.2890625,62554434520,USD
2024-03-13,73083.5,73083.5,48212536929,USD
2024-03-14,71396.59375,71396.59375,59594605698,USD
2024-03-15,69403.7734375,69403.7734375,78320453976,USD
2024-03-16,65315.1171875,65315.1171875,46842198371,USD
2024-03-17,68390.625,68390.625,44716864318,USD
2024-03-18,67548.59375,67548.59375,49261579492,USD
2024-03-19,61912.7734375,61912.7734375,74215844794,USD
2024-03-20,67913.671875,67913.671875,66792634382,USD
2024-03-21,65491.390625,65491.390625,44480350565,USD
2024-03-22,63778.76171875,63778.76171875,41401116964,USD
2024-03-23,64062.203125,64062.203125,24738964812,USD
2024-03-24,67234.171875,67234.171875,27206630673,USD
2024-03-25,69958.8125,69958.8125,42700139523,USD
2024-03-26,69987.8359375,69987.8359375,36010437368,USD
2024-03-27,69455.34375,69455.34375,40827113309,USD
2024-03-28,70744.953125,70744.953125,34374900617,USD
2024-03-29,69892.828125,69892.828125,25230851763,USD
2024-03-30,69645.3046875,69645.3046875,17130241883,USD
2024-03-31,71333.6484375,71333.6484375,20050941373,USD
2024-04-01,69702.1484375,69702.1484375,34873527352,USD
2024-04-02,65446.97265625,65446.97265625,50705240709,USD
2024-04-03,65980.8125,65980.8125,34488018367,USD
2024-04-04,68508.84375,68508.84375,34439527442,USD
2024-04-05,67837.640625,67837.640625,33748230056,USD
2024-04-06,68896.109375,68896.109375,19967785809,USD
2024-04-07,69362.5546875,69362.5546875,21204930369,USD
2024-04-08,71631.359375,71631.359375,37261432669,USD
2024-04-09,69139.015625,69139.015625,36426900409,USD
2024-04-10,70587.8828125,70587.8828125,38318601774,USD
2024-04-11,70060.609375,70060.609375,30153382941,USD
2024-04-12,67195.8671875,67195.8671875,44129299406,USD
2024-04-13,63821.47265625,63821.47265625,52869738185,USD
2024-04-14,65738.7265625,65738.7265625,49084320047,USD
2024-04-15,63426.2109375,63426.2109375,43595917654,USD
2024-04-16,63811.86328125,63811.86328125,42847528078,USD
2024-04-17,61276.69140625,61276.69140625,41915247049,USD
2024-04-18,63512.75390625,63512.75390625,36006307335,USD
2024-04-19,63843.5703125,63843.5703125,49920425401,USD
2024-04-20,64994.44140625,64994.44140625,23097485495,USD
2024-04-21,64926.64453125,64926.64453125,20506644853,USD
2024-04-22,66837.6796875,66837.6796875,28282686673,USD
2024-04-23,66407.2734375,66407.2734375,24310975583,USD
2024-04-24,64276.8984375,64276.8984375,30276655120,USD
2024-04-25,64481.70703125,64481.70703125,32155786816,USD
2024-04-26,63755.3203125,63755.3203125,24139372950,USD
2024-04-27,63419.140625,63419.140625,19530783039,USD
2024-04-28,63113.23046875,63113.23046875,17334827993,USD
2024-04-29,63841.12109375,63841.12109375,26635912073,USD
2024-04-30,60636.85546875,60636.85546875,37840840057,USD
2024-05-01,58254.01171875,58254.01171875,48439780271,USD
2024-05-02,59123.43359375,59123.43359375,32711813559,USD
2024-05-03,62889.8359375,62889.8359375,33172023048,USD
2024-05-04,63891.47265625,63891.47265625,20620477992,USD
2024-05-05,64031.1328125,64031.1328125,18296164805,USD
2024-05-06,63161.94921875,63161.94921875,28697928697,USD
2024-05-07,62334.81640625,62334.81640625,25930730982,USD
2024-05-08,61187.94140625,61187.94140625,26088172222,USD
2024-05-09,63049.9609375,63049.9609375,25453338161,USD
2024-05-10,60792.77734375,60792.77734375,27804954694,USD
2024-05-11,60793.7109375,60793.7109375,13842272968,USD
2024-05-12,61448.39453125,61448.39453125,13800459405,USD
2024-05-13,62901.44921875,62901.44921875,27889181179,USD
2024-05-14,61552.7890625,61552.7890625,28186271527,USD
2024-05-15,66267.4921875,66267.4921875,39815167074,USD
2024-05-16,65231.58203125,65231.58203125,31573077994,USD
2024-05-17,67051.875,67051.875,28031279310,USD
2024-05-18,66940.8046875,66940.8046875,16712277406,USD
2024-05-19,66278.3671875,66278.3671875,19249094538,USD
2024-05-20,71448.1953125,71448.1953125,43850655717,USD
2024-05-21,70136.53125,70136.53125,46932005990,USD
2024-05-22,69122.3359375,69122.3359375,32802561717,USD
2024-05-23,67929.5625,67929.5625,41895680979,USD
2024-05-24,68526.1015625,68526.1015625,29197308153,USD
2024-05-25,69265.9453125,69265.9453125,15473071741,USD
2024-05-26,68518.09375,68518.09375,15628433737,USD
2024-05-27,69394.5546875,69394.5546875,25870990717,USD
2024-05-28,68296.21875,68296.21875,32722265965,USD
2024-05-29,67578.09375,67578.09375,26707072906,USD
2024-05-30,68364.9921875,68364.9921875,29509712534,USD
2024-05-31,67491.4140625,67491.4140625,27387283769,USD
2024-06-01,67706.9375,67706.9375,11641495604,USD
2024-06-02,67751.6015625,67751.6015625,17110588415,USD
2024-06-03,68804.78125,68804.78125,32401285324,USD
2024-06-04,70567.765625,70567.765625,33149696545,USD
2024-06-05,71082.8203125,71082.8203125,32810771409,USD
2024-06-06,70757.1640625,70757.1640625,25223152007,USD
2024-06-07,69342.5859375,69342.5859375,36188381096,USD
2024-06-08,69305.7734375,69305.7734375,14262185861,USD
2024-06-09,69647.9921875,69647.9921875,13534028500,USD
2024-06-10,69512.28125,69512.28125,20597699541,USD
2024-06-11,67332.03125,67332.03125,37116136345,USD
2024-06-12,68241.1875,68241.1875,34497940694,USD
2024-06-13,66756.3984375,66756.3984375,28955204146,USD
2024-06-14,66011.09375,66011.09375,27403884779,USD
2024-06-15,66191.0,66191.0,14121265576,USD
2024-06-16,66639.046875,66639.046875,13281140541,USD
2024-06-17,66490.296875,66490.296875,30006354476,USD
2024-06-18,65140.74609375,65140.74609375,39481285950,USD
2024-06-19,64960.296875,64960.296875,21103423504,USD
2024-06-20,64828.65625,64828.65625,25641109124,USD
2024-06-21,64096.19921875,64096.19921875,26188171739,USD
2024-06-22,64252.578125,64252.578125,9858198793,USD
2024-06-23,63180.796875,63180.796875,11170471802,USD
2024-06-24,60277.4140625,60277.4140625,43152133651,USD
2024-06-25,61804.640625,61804.640625,29201215431,USD
2024-06-26,60811.27734375,60811.27734375,22506003064,USD
2024-06-27,61604.80078125,61604.80078125,21231745045,USD
2024-06-28,60320.13671875,60320.13671875,24952866877,USD
2024-06-29,60887.37890625,60887.37890625,12652903396,USD
2024-06-30,62678.29296875,62678.29296875,17333226409,USD
2024-07-01,62851.98046875,62851.98046875,25468379421,USD
2024-07-02,62029.015625,62029.015625,20151616992,USD
2024-07-03,60173.921875,60173.921875,29756701685,USD
2024-07-04,56977.703125,56977.703125,41149609230,USD
2024-07-05,56662.375,56662.375,55417544033,USD
2024-07-06,58303.5390625,58303.5390625,20610320577,USD
2024-07-07,55849.109375,55849.109375,20553359505,USD
2024-07-08,56705.09765625,56705.09765625,39766159899,USD
2024-07-09,58009.2265625,58009.2265625,27849512607,USD
2024-07-10,57742.49609375,57742.49609375,26175260526,USD
2024-07-11,57344.9140625,57344.9140625,28707803842,USD
2024-07-12,57899.46484375,57899.46484375,25604805221,USD
2024-07-13,59231.953125,59231.953125,17080061806,USD
2024-07-14,60787.79296875,60787.79296875,22223416061,USD
2024-07-15,64870.15234375,64870.15234375,38094526099,USD
2024-07-16,65097.1484375,65097.1484375,41617346768,USD
2024-07-17,64118.79296875,64118.79296875,32525071311,USD
2024-07-18,63974.06640625,63974.06640625,27239305337,USD
2024-07-19,66710.15625,66710.15625,37003855410,USD
2024-07-20,67163.6484375,67163.6484375,19029581250,USD
2024-07-21,68154.5234375,68154.5234375,26652190004,USD
2024-07-22,67585.25,67585.25,42649109453,USD
2024-07-23,65927.671875,65927.671875,35605668666,USD
2024-07-24,65372.1328125,65372.1328125,27470942309,USD
2024-07-25,65777.2265625,65777.2265625,38315761670,USD
2024-07-26,67912.0625,67912.0625,30488630457,USD
2024-07-27,67813.3359375,67813.3359375,34691905492,USD
2024-07-28,68255.8671875,68255.8671875,18043166945,USD
2024-07-29,66819.9140625,66819.9140625,40780682628,USD
2024-07-30,66201.015625,66201.015625,31380492109,USD
2024-07-31,64619.25,64619.25,31292785994,USD
2024-08-01,65357.5,65357.5,40975554494,USD
2024-08-02,61415.06640625,61415.06640625,43060875727,USD
2024-08-03,60680.09375,60680.09375,31753030589,USD
2024-08-04,58116.9765625,58116.9765625,31758917219,USD
2024-08-05,53991.45703125,53991.45703125,108991085584,USD
2024-08-06,56034.31640625,56034.31640625,49300484106,USD
2024-08-07,55027.4609375,55027.4609375,41637562185,USD
2024-08-08,61710.13671875,61710.13671875,45298472567,USD
2024-08-09,60880.11328125,60880.11328125,33425553115,USD
2024-08-10,60945.8125,60945.8125,15745822278,USD
2024-08-11,58719.484375,58719.484375,22759754812,USD
2024-08-12,59354.515625,59354.515625,37078637820,USD
2024-08-13,60609.56640625,60609.56640625,30327698167,USD
2024-08-14,58737.26953125,58737.26953125,29961696180,USD
2024-08-15,57560.09765625,57560.09765625,35682112440,USD
2024-08-16,58894.10546875,58894.10546875,29350938673,USD
2024-08-17,59478.97265625,59478.97265625,13589684021,USD
2024-08-18,58483.96484375,58483.96484375,17740625837,USD
2024-08-19,59493.453125,59493.453125,25911207712,USD
2024-08-20,59012.79296875,59012.79296875,31613400008,USD
2024-08-21,61175.19140625,61175.19140625,32731154072,USD
2024-08-22,60381.9140625,60381.9140625,27625734377,USD
2024-08-23,64094.35546875,64094.35546875,42530509233,USD
2024-08-24,64178.9921875,64178.9921875,21430585163,USD
2024-08-25,64333.54296875,64333.54296875,18827683555,USD
2024-08-26,62880.66015625,62880.66015625,27682040631,USD
2024-08-27,59504.1328125,59504.1328125,39103882198,USD
2024-08-28,59027.625,59027.625,40289564698,USD
2024-08-29,59388.1796875,59388.1796875,32224990582,USD
2024-08-30,59119.4765625,59119.4765625,32292756405,USD
2024-08-31,58969.8984375,58969.8984375,12403470760,USD
2024-09-01,57325.48828125,57325.48828125,24592449997,USD
2024-09-02,59112.48046875,59112.48046875,27036454524,USD
2024-09-03,57431.0234375,57431.0234375,26666961053,USD
2024-09-04,57971.5390625,57971.5390625,35627680312,USD
2024-09-05,56160.48828125,56160.48828125,31030280656,USD
2024-09-06,53948.75390625,53948.75390625,49361693566,USD
2024-09-07,54139.6875,54139.6875,19061486526,USD
2024-09-08,54841.56640625,54841.56640625,18268287531,USD
2024-09-09,57019.53515625,57019.53515625,34618096173,USD
2024-09-10,57648.7109375,57648.7109375,28857630507,USD
2024-09-11,57343.171875,57343.171875,37049062672,USD
2024-09-12,58127.01171875,58127.01171875,33835707949,USD
2024-09-13,60571.30078125,60571.30078125,32490528356,USD
2024-09-14,60005.12109375,60005.12109375,16428405496,USD
2024-09-15,59182.8359375,59182.8359375,18120960867,USD
2024-09-16,58192.5078125,58192.5078125,32032822113,USD
2024-09-17,60308.5390625,60308.5390625,38075570118,USD
2024-09-18,61649.6796875,61649.6796875,40990702891,USD
2024-09-19,62940.45703125,62940.45703125,42710252573,USD
2024-09-20,63192.9765625,63192.9765625,35177164222,USD
2024-09-21,63394.83984375,63394.83984375,14408616220,USD
2024-09-22,63648.7109375,63648.7109375,20183348802,USD
2024-09-23,63329.80078125,63329.80078125,31400285425,USD
2024-09-24,64301.96875,64301.96875,29938335243,USD
2024-09-25,63143.14453125,63143.14453125,25078377700,USD
2024-09-26,65181.01953125,65181.01953125,36873129847,USD
2024-09-27,65790.6640625,65790.6640625,32058813449,USD
2024-09-28,65887.6484375,65887.6484375,15243637984,USD
2024-09-29,65635.3046875,65635.3046875,14788214575,USD
2024-09-30,63329.5,63329.5,37112957475,USD
2024-10-01,60837.0078125,60837.0078125,50220923500,USD
2024-10-02,60632.78515625,60632.78515625,40762722398,USD
2024-10-03,60759.40234375,60759.40234375,36106447279,USD
2024-10-04,62067.4765625,62067.4765625,29585472513,USD
2024-10-05,62089.94921875,62089.94921875,13305410749,USD
2024-10-06,62818.953125,62818.953125,14776233667,USD
2024-10-07,62236.66015625,62236.66015625,34253562610,USD
2024-10-08,62131.96875,62131.96875,28134475157,USD
2024-10-09,60582.1015625,60582.1015625,27670982363,USD
2024-10-10,60274.5,60274.5,30452813570,USD
2024-10-11,62445.08984375,62445.08984375,30327141594,USD
2024-10-12,63193.0234375,63193.0234375,16744110886,USD
2024-10-13,62851.375,62851.375,18177529690,USD
2024-10-14,66046.125,66046.125,43706958056,USD
2024-10-15,67041.109375,67041.109375,48863870879,USD
2024-10-16,67612.71875,67612.71875,38195189534,USD
2024-10-17,67399.8359375,67399.8359375,32790898511,USD
2024-10-18,68418.7890625,68418.7890625,36857165014,USD
2024-10-19,68362.734375,68362.734375,14443497908,USD
2024-10-20,69001.703125,69001.703125,18975847518,USD
2024-10-21,67367.8515625,67367.8515625,37498611780,USD
2024-10-22,67361.40625,67361.40625,31808472566,USD
2024-10-23,66432.1953125,66432.1953125,32263980353,USD
2024-10-24,68161.0546875,68161.0546875,31414428647,USD
2024-10-25,66642.4140625,66642.4140625,41469984306,USD
2024-10-26,67014.6953125,67014.6953125,19588098156,USD
2024-10-27,67929.296875,67929.296875,16721307878,USD
2024-10-28,69907.7578125,69907.7578125,38799856657,USD
2024-10-29,72720.4921875,72720.4921875,58541874402,USD
2024-10-30,72339.5390625,72339.5390625,40646637831,USD
2024-10-31,70215.1875,70215.1875,40627912076,USD
2024-11-01,69482.46875,69482.46875,49989795365,USD
2024-11-02,69289.2734375,69289.2734375,18184612091,USD
2024-11-03,68741.1171875,68741.1171875,34868307655,USD
2024-11-04,67811.5078125,67811.5078125,41184819348,USD
2024-11-05,69359.5625,69359.5625,46046889204,USD
2024-11-06,75639.078125,75639.078125,118592653963,USD
2024-11-07,75904.859375,75904.859375,63467654989,USD
2024-11-08,76545.4765625,76545.4765625,55176858003,USD
2024-11-09,76778.8671875,76778.8671875,29009480361,USD
2024-11-10,80474.1875,80474.1875,82570594495,USD
2024-11-11,88701.484375,88701.484375,117966845037,USD
2024-11-12,87955.8125,87955.8125,133673285375,USD
2024-11-13,90584.1640625,90584.1640625,123559027869,USD
2024-11-14,87250.4296875,87250.4296875,87616705248,USD
2024-11-15,91066.0078125,91066.0078125,78243109518,USD
2024-11-16,90558.4765625,90558.4765625,44333192814,USD
2024-11-17,89845.8515625,89845.8515625,46350159305,USD
2024-11-18,90542.640625,90542.640625,75535775084,USD
2024-11-19,92343.7890625,92343.7890625,74521048295,USD
2024-11-20,94339.4921875,94339.4921875,71730956426,USD
2024-11-21,98504.7265625,98504.7265625,106024505582,USD
2024-11-22,98997.6640625,98997.6640625,78473580551,USD
2024-11-23,97777.28125,97777.28125,44414644677,USD
2024-11-24,98013.8203125,98013.8203125,51712020623,USD
2024-11-25,93102.296875,93102.296875,80909462490,USD
2024-11-26,91985.3203125,91985.3203125,91656519855,USD
2024-11-27,95962.53125,95962.53125,71133452438,USD
2024-11-28,95652.46875,95652.46875,52260008261,USD
2024-11-29,97461.5234375,97461.5234375,54968682476,USD
2024-11-30,96449.0546875,96449.0546875,31634227866,USD
2024-12-01,97279.7890625,97279.7890625,36590695296,USD
2024-12-02,95865.3046875,95865.3046875,72680784305,USD
2024-12-03,96002.1640625,96002.1640625,67067810961,USD
2024-12-04,98768.53125,98768.53125,77199817112,USD
2024-12-05,96593.5703125,96593.5703125,149218945580,USD
2024-12-06,99920.7109375,99920.7109375,94534772658,USD
2024-12-07,99923.3359375,99923.3359375,44177510897,USD
2024-12-08,101236.015625,101236.015625,44125751925,USD
2024-12-09,97432.71875,97432.71875,110676473908,USD
2024-12-10,96675.4296875,96675.4296875,104823780634,USD
2024-12-11,101173.03125,101173.03125,85391409936,USD
2024-12-12,100043.0,100043.0,72073983533,USD
2024-12-13,101459.2578125,101459.2578125,56894751583,USD
2024-12-14,101372.96875,101372.96875,40422968793,USD
2024-12-15,104298.6953125,104298.6953125,51145914137,USD
2024-12-16,106029.71875,106029.71875,91020417816,USD
2024-12-17,106140.6015625,106140.6015625,68589364868,USD
2024-12-18,100041.5390625,100041.5390625,93865656139,USD
2024-12-19,97490.953125,97490.953125,97221662392,USD
2024-12-20,97755.9296875,97755.9296875,105634083408,USD
2024-12-21,97224.7265625,97224.7265625,51765334294,USD
2024-12-22,95104.9375,95104.9375,43147981314,USD
2024-12-23,94686.2421875,94686.2421875,65239002919,USD
2024-12-24,98676.09375,98676.09375,47114953674,USD
2024-12-25,99299.1953125,99299.1953125,33700394629,USD
2024-12-26,95795.515625,95795.515625,47054980873,USD
2024-12-27,94164.859375,94164.859375,52419934565,USD
2024-12-28,95163.9296875,95163.9296875,24107436185,USD
2024-12-29,93530.2265625,93530.2265625,29635885267,USD
2024-12-30,92643.2109375,92643.2109375,56188003691,USD
2024-12-31,93429.203125,93429.203125,43625106843,USD
2025-01-01,94419.7578125,94419.7578125,24519888919,USD
2025-01-02,96886.875,96886.875,46009564411,USD
2025-01-03,98107.4296875,98107.4296875,35611391163,USD
2025-01-04,98236.2265625,98236.2265625,22342608078,USD
2025-01-05,98314.9609375,98314.9609375,20525254825,USD
2025-01-06,102078.0859375,102078.0859375,51823432705,USD
2025-01-07,96922.703125,96922.703125,58685738547,USD
2025-01-08,95043.5234375,95043.5234375,63875859171,USD
2025-01-09,92484.0390625,92484.0390625,62777261693,USD
2025-01-10,94701.453125,94701.453125,62058693684,USD
2025-01-11,94566.59375,94566.59375,18860894100,USD
2025-01-12,94488.4375,94488.4375,20885130965,USD
2025-01-13,94516.5234375,94516.5234375,72978998252,USD
2025-01-14,96534.046875,96534.046875,53769675818,USD
2025-01-15,100504.4921875,100504.4921875,57805923627,USD
2025-01-16,99756.90625,99756.90625,54103781805,USD
2025-01-17,104462.0390625,104462.0390625,71888972663,USD
2025-01-18,104408.0703125,104408.0703125,50445655726,USD
2025-01-19,101089.609375,101089.609375,76789928525,USD
2025-01-20,102016.6640625,102016.6640625,126279678351,USD
2025-01-21,106146.265625,106146.265625,88733878242,USD
2025-01-22,103653.0703125,103653.0703125,53878181052,USD
2025-01-23,103960.171875,103960.171875,104104515428,USD
2025-01-24,104819.484375,104819.484375,52388229265,USD
2025-01-25,104714.6484375,104714.6484375,23888996502,USD
2025-01-26,102682.5,102682.5,22543395879,USD
2025-01-27,102087.6875,102087.6875,89006608428,USD
2025-01-28,101332.4765625,101332.4765625,47180685494,USD
2025-01-29,103703.2109375,103703.2109375,47432049818,USD
2025-01-30,104735.3046875,104735.3046875,41915744521,USD
2025-01-31,102405.0234375,102405.0234375,45732764360,USD
2025-02-01,100655.90625,100655.90625,27757944848,USD
2025-02-02,97688.9765625,97688.9765625,63091816853,USD
2025-02-03,101405.421875,101405.421875,115400897748,USD
2025-02-04,97871.8203125,97871.8203125,73002130211,USD
2025-02-05,96615.4453125,96615.4453125,49125911241,USD
2025-02-06,96593.296875,96593.296875,45302471947,USD
2025-02-07,96529.0859375,96529.0859375,55741290456,USD
2025-02-08,96482.453125,96482.453125,22447526395,USD
2025-02-09,96500.09375,96500.09375,27732901800,USD
2025-02-10,97437.5546875,97437.5546875,40078962391,USD
2025-02-11,95747.4296875,95747.4296875,37488783272,USD
2025-02-12,97885.859375,97885.859375,49340445530,USD
2025-02-13,96623.8671875,96623.8671875,37147280860,USD
2025-02-14,97508.96875,97508.96875,32697987277,USD
2025-02-15,97580.3515625,97580.3515625,17047266288,USD
2025-02-16,96175.03125,96175.03125,16536755396,USD
2025-02-17,95773.3828125,95773.3828125,27336550690,USD
2025-02-18,95539.546875,95539.546875,37325720482,USD
2025-02-19,96635.609375,96635.609375,28990872862,USD
2025-02-20,98333.9375,98333.9375,31668022771,USD
2025-02-21,96125.546875,96125.546875,49608706470,USD
2025-02-22,96577.7578125,96577.7578125,18353824477,USD
2025-02-23,96273.921875,96273.921875,16999478976,USD
2025-02-24,91418.171875,91418.171875,44046480529,USD
2025-02-25,88736.171875,88736.171875,92139104128,USD
2025-02-26,84347.0234375,84347.0234375,64597492134,USD
2025-02-27,84704.2265625,84704.2265625,52659591954,USD
2025-02-28,84373.0078125,84373.0078125,83610570576,USD
2025-03-01,86031.9140625,86031.9140625,29190628396,USD
2025-03-02,94248.3515625,94248.3515625,58398341092,USD
2025-03-03,86065.671875,86065.671875,70072228536,USD
2025-03-04,87222.1953125,87222.1953125,68095241474,USD
2025-03-05,90623.5625,90623.5625,50498988027,USD
2025-03-06,89961.7265625,89961.7265625,47749810486,USD
2025-03-07,86742.671875,86742.671875,65945677657,USD
2025-03-08,86154.59375,86154.59375,18206118081,USD
2025-03-09,80601.0390625,80601.0390625,30899345977,USD
2025-03-10,78532.0,78532.0,54061099422,USD
2025-03-11,82862.2109375,82862.2109375,54702837196,USD
2025-03-12,83722.359375,83722.359375,40353484454,USD
2025-03-13,81066.703125,81066.703125,31412940153,USD
2025-03-14,83969.1015625,83969.1015625,29588112414,USD
2025-03-15,84343.109375,84343.109375,13650491277,USD
2025-03-16,82579.6875,82579.6875,21330270174,USD
2025-03-17,84075.6875,84075.6875,25092785558,USD
2025-03-18,82718.5,82718.5,24095774594,USD
2025-03-19,86854.2265625,86854.2265625,34931960257,USD
2025-03-20,84167.1953125,84167.1953125,29028988961,USD
2025-03-21,84043.2421875,84043.2421875,19030452299,USD
2025-03-22,83832.484375,83832.484375,9863214091,USD
2025-03-23,86054.375,86054.375,12594615537,USD
2025-03-24,87498.9140625,87498.9140625,34582604933,USD
2025-03-25,87471.703125,87471.703125,30005840049,USD
2025-03-26,86900.8828125,86900.8828125,26704046038,USD
2025-03-27,87177.1015625,87177.1015625,24413471941,USD
2025-03-28,84353.1484375,84353.1484375,34198619509,USD
2025-03-29,82597.5859375,82597.5859375,16969396135,USD
2025-03-30,82334.5234375,82334.5234375,14763760943,USD
2025-03-31,82548.9140625,82548.9140625,29004228247,USD
2025-04-01,85169.171875,85169.171875,28175650319,USD
2025-04-02,82485.7109375,82485.7109375,47584398470,USD
2025-04-03,83102.828125,83102.828125,36852112080,USD
2025-04-04,83843.8046875,83843.8046875,45157640207,USD
2025-04-05,83504.796875,83504.796875,14380803631,USD
2025-04-06,78214.484375,78214.484375,36294853736,USD
2025-04-07,79235.3359375,79235.3359375,91262424987,USD
2025-04-08,76271.953125,76271.953125,48314590749,USD
2025-04-09,82573.953125,82573.953125,84213627038,USD
2025-04-10,79626.140625,79626.140625,44718000633,USD
2025-04-11,83404.8359375,83404.8359375,41656778779,USD
2025-04-12,85287.109375,85287.109375,24258059104,USD
2025-04-13,83684.9765625,83684.9765625,28796984817,USD
2025-04-14,84542.390625,84542.390625,34090769777,USD
2025-04-15,83668.9921875,83668.9921875,28040322885,USD
2025-04-16,84033.8671875,84033.8671875,29617804112,USD
2025-04-17,84895.75,84895.75,21276866029,USD
2025-04-18,84450.8046875,84450.8046875,12728372364,USD
2025-04-19,85063.4140625,85063.4140625,15259300427,USD
2025-04-20,85174.3046875,85174.3046875,14664050812,USD
2025-04-21,87518.90625,87518.90625,41396190190,USD
2025-04-22,93441.890625,93441.890625,55899038456,USD
2025-04-23,93699.109375,93699.109375,41719568821,USD
2025-04-24,93943.796875,93943.796875,31483175315,USD
2025-04-25,94720.5,94720.5,40915232364,USD
2025-04-26,94646.9296875,94646.9296875,17612825123,USD
2025-04-27,93754.84375,93754.84375,18090367764,USD
2025-04-28,94978.75,94978.75,32363449569,USD
2025-04-29,94284.7890625,94284.7890625,25806129921,USD
2025-04-30,94207.3125,94207.3125,28344679831,USD
2025-05-01,96492.3359375,96492.3359375,32875889623,USD
2025-05-02,96910.0703125,96910.0703125,26421924677,USD
2025-05-03,95891.796875,95891.796875,15775154889,USD
2025-05-04,94315.9765625,94315.9765625,18198688416,USD
2025-05-05,94748.0546875,94748.0546875,25816260327,USD
2025-05-06,96802.4765625,96802.4765625,26551275827,USD
2025-05-07,97032.3203125,97032.3203125,76983822462,USD
2025-05-08,103241.4609375,103241.4609375,69895404397,USD
2025-05-09,102970.8515625,102970.8515625,58198593958,USD
2025-05-10,104696.328125,104696.328125,42276713994,USD
2025-05-11,104106.359375,104106.359375,46285517406,USD
2025-05-12,102812.953125,102812.953125,63250475404,USD
2025-05-13,104169.8125,104169.8125,52608876410,USD
2025-05-14,103539.4140625,103539.4140625,45956071155,USD
2025-05-15,103744.640625,103744.640625,50408241840,USD
2025-05-16,103489.2890625,103489.2890625,44386499364,USD
2025-05-17,103191.0859375,103191.0859375,37898552742,USD
2025-05-18,106446.0078125,106446.0078125,49887082058,USD
2025-05-19,105606.1796875,105606.1796875,61761126647,USD
2025-05-20,106791.0859375,106791.0859375,36515726122,USD
2025-05-21,109678.078125,109678.078125,78086364051,USD
2025-05-22,111673.28125,111673.28125,70157575642,USD
2025-05-23,107287.796875,107287.796875,67548133399,USD
2025-05-24,107791.15625,107791.15625,45903627163,USD
2025-05-25,109035.390625,109035.390625,47518041841,USD
2025-05-26,109440.3671875,109440.3671875,45950461571,USD
2025-05-27,108994.640625,108994.640625,57450176272,USD
2025-05-28,107802.328125,107802.328125,49155377493,USD
2025-05-29,105641.7578125,105641.7578125,56022752042,USD
2025-05-30,103998.5703125,103998.5703125,57655287183,USD
2025-05-31,104638.09375,104638.09375,38997843858,USD
2025-06-01,105652.1015625,105652.1015625,37397056873,USD
2025-06-02,105881.53125,105881.53125,45819706290,USD
2025-06-03,105432.46875,105432.46875,46196508367,USD
2025-06-04,104731.984375,104731.984375,44544857105,USD
2025-06-05,101575.953125,101575.953125,57479298400,USD
2025-06-06,104390.34375,104390.34375,48856653697,USD
2025-06-07,105615.625,105615.625,38365033776,USD
2025-06-08,105793.6484375,105793.6484375,36626232328,USD
2025-06-09,110294.1015625,110294.1015625,55903193732,USD
2025-06-10,110257.234375,110257.234375,54700101509,USD
2025-06-11,108686.625,108686.625,50842662052,USD
2025-06-12,105929.0546875,105929.0546875,54843867968,USD
2025-06-13,106090.96875,106090.96875,69550440846,USD
2025-06-14,105472.40625,105472.40625,38007870453,USD
2025-06-15,105552.0234375,105552.0234375,36744307742,USD
2025-06-16,106796.7578125,106796.7578125,50366626945,USD
2025-06-17,104601.1171875,104601.1171875,55964092176,USD
2025-06-18,104883.328125,104883.328125,47318089133,USD
2025-06-19,104684.2890625,104684.2890625,37333806920,USD
2025-06-20,103309.6015625,103309.6015625,50951862476,USD
2025-06-21,102257.40625,102257.40625,38360555118,USD
2025-06-22,100987.140625,100987.140625,65536997201,USD
2025-06-23,105577.7734375,105577.7734375,65237759656,USD
2025-06-24,106045.6328125,106045.6328125,48822986421,USD
2025-06-25,107361.2578125,107361.2578125,51624120283,USD
2025-06-26,106960.0,106960.0,43891990613,USD
2025-06-27,107088.4296875,107088.4296875,45353692675,USD
2025-06-28,107327.703125,107327.703125,30037708335,USD
2025-06-29,108385.5703125,108385.5703125,35534874438,USD
2025-06-30,107135.3359375,107135.3359375,42064804590,USD
2025-07-01,105698.28125,105698.28125,44110692247,USD
2025-07-02,108859.3203125,108859.3203125,56248657737,USD
2025-07-03,109647.9765625,109647.9765625,50494742270,USD
2025-07-04,108034.3359375,108034.3359375,42616442656,USD
2025-07-05,108231.1796875,108231.1796875,30615537520,USD
2025-07-06,109232.0703125,109232.0703125,36746020463,USD
2025-07-07,108299.8515625,108299.8515625,45415696597,USD
2025-07-08,108950.2734375,108950.2734375,44282204127,USD
2025-07-09,111326.5546875,111326.5546875,57927418065,USD
2025-07-10,115987.203125,115987.203125,95911605728,USD
2025-07-11,117516.9921875,117516.9921875,86928361085,USD
2025-07-12,117435.2265625,117435.2265625,45524560304,USD
2025-07-13,119116.1171875,119116.1171875,49021091807,USD
2025-07-14,119849.703125,119849.703125,181746419401,USD
2025-07-15,117777.1875,117777.1875,98321661181,USD
2025-07-16,118738.5078125,118738.5078125,72162029070,USD
2025-07-17,119289.84375,119289.84375,72363841798,USD
2025-07-18,118003.2265625,118003.2265625,77945799785,USD
2025-07-19,117939.9765625,117939.9765625,47564562765,USD
2025-07-20,117300.7890625,117300.7890625,57515447231,USD
2025-07-21,117439.5390625,117439.5390625,69820091744,USD
2025-07-22,119995.4140625,119995.4140625,79217583118,USD
2025-07-23,118754.9609375,118754.9609375,66608604537,USD
2025-07-24,118368.0,118368.0,72627318560,USD
2025-07-25,117635.8828125,117635.8828125,104857024569,USD
2025-07-26,117947.3671875,117947.3671875,48508954046,USD
2025-07-27,119448.4921875,119448.4921875,54683390892,USD
2025-07-28,117924.4765625,117924.4765625,64822943193,USD
2025-07-29,117922.1484375,117922.1484375,68463107433,USD
2025-07-30,117831.1875,117831.1875,68896148592,USD
2025-07-31,115758.203125,115758.203125,69370346018,USD
2025-08-01,113320.0859375,113320.0859375,91294530181,USD
2025-08-02,112526.9140625,112526.9140625,56870866000,USD
2025-08-03,114217.671875,114217.671875,48099615826,USD
2025-08-04,115071.8828125,115071.8828125,35783028986,USD
2025-08-05,114141.4453125,114141.4453125,61039182286,USD
2025-08-06,115028.0,115028.0,56379133510,USD
2025-08-07,117496.8984375,117496.8984375,64051649681,USD
2025-08-08,116688.7265625,116688.7265625,59713005166,USD
2025-08-09,116500.359375,116500.359375,54004312429,USD
2025-08-10,119306.7578125,119306.7578125,64755458694,USD
2025-08-11,118731.4453125,118731.4453125,90528784177,USD
2025-08-12,120172.90625,120172.90625,72803657984,USD
2025-08-13,123344.0625,123344.0625,90904808795,USD
2025-08-14,118359.578125,118359.578125,104055627395,USD
2025-08-15,117398.3515625,117398.3515625,68665353159,USD
2025-08-16,117491.3515625,117491.3515625,48036922378,USD
2025-08-17,117453.0625,117453.0625,45852169525,USD
2025-08-18,116252.3125,116252.3125,72787808090,USD
2025-08-19,112831.1796875,112831.1796875,71657600353,USD
2025-08-20,114274.7421875,114274.7421875,67993811526,USD
2025-08-21,112419.03125,112419.03125,57817883700,USD
2025-08-22,116874.0859375,116874.0859375,82528088240,USD
2025-08-23,115374.328125,115374.328125,55377142586,USD
2025-08-24,113458.4296875,113458.4296875,73961489632,USD
2025-08-25,110124.3515625,110124.3515625,85706860190,USD
2025-08-26,111802.65625,111802.65625,69396320317,USD
2025-08-27,111222.0625,111222.0625,62137056409,USD
2025-08-28,112544.8046875,112544.8046875,58860155962,USD
2025-08-29,108410.8359375,108410.8359375,77843379644,USD
2025-08-30,108808.0703125,108808.0703125,51486264208,USD
2025-08-31,108236.7109375,108236.7109375,47986191770,USD
2025-09-01,109250.59375,109250.59375,66870372995,USD
2025-09-02,111200.5859375,111200.5859375,74776999491,USD
2025-09-03,111723.2109375,111723.2109375,61119643565,USD
2025-09-04,110723.6015625,110723.6015625,60131132901,USD
2025-09-05,110650.984375,110650.984375,60241647677,USD
2025-09-06,110224.6953125,110224.6953125,21500719036,USD
2025-09-07,111167.6171875,111167.6171875,24618007520,USD
2025-09-08,112071.4296875,112071.4296875,40212813407,USD
2025-09-09,111530.546875,111530.546875,45984480722,USD
2025-09-10,113955.359375,113955.359375,56377473784,USD
2025-09-11,115507.5390625,115507.5390625,45685065332,USD
2025-09-12,116101.578125,116101.578125,54785725894,USD
2025-09-13,115950.5078125,115950.5078125,34549454947,USD
2025-09-14,115407.65625,115407.65625,32798036057,USD
2025-09-15,115444.875,115444.875,52937859416,USD
2025-09-16,116843.1875,116843.1875,45781744593,USD
2025-09-17,116468.5078125,116468.5078125,60528025996,USD
2025-09-18,117137.203125,117137.203125,49457272032,USD
2025-09-19,115688.859375,115688.859375,38828473971,USD
2025-09-20,115721.9609375,115721.9609375,22864449614,USD
2025-09-21,115306.09375,115306.09375,22495852193,USD
2025-09-22,112748.5078125,112748.5078125,70684158591,USD
2025-09-23,112014.5,112014.5,47211853279,USD
2025-09-24,113328.6328125,113328.6328125,48044595085,USD
2025-09-25,109049.2890625,109049.2890625,75528654284,USD
2025-09-26,109712.828125,109712.828125,57738288949,USD
2025-09-27,109681.9453125,109681.9453125,26308042910,USD
2025-09-28,112122.640625,112122.640625,33371048505,USD
2025-09-29,114400.3828125,114400.3828125,60000147466,USD
2025-09-30,114056.0859375,114056.0859375,58986330258,USD
2025-10-01,118648.9296875,118648.9296875,71328680132,USD
2025-10-02,120681.2578125,120681.2578125,71415163912,USD
2025-10-03,122266.53125,122266.53125,83941392228,USD
2025-10-04,122425.4296875,122425.4296875,36769171735,USD
2025-10-05,123513.4765625,123513.4765625,73689317763,USD
2025-10-06,124752.53125,124752.53125,72568881188,USD
2025-10-07,121451.3828125,121451.3828125,76149412513,USD
2025-10-08,123354.8671875,123354.8671875,65354305286,USD
2025-10-09,121705.5859375,121705.5859375,74653009425,USD
2025-10-10,113214.3671875,113214.3671875,153125018868,USD
2025-10-11,110807.8828125,110807.8828125,110236934340,USD
2025-10-12,115169.765625,115169.765625,93710414091,USD
2025-10-13,115271.078125,115271.078125,71582026739,USD
2025-10-14,113118.6640625,113118.6640625,92212917403,USD
2025-10-15,110783.1640625,110783.1640625,72574132855,USD
2025-10-16,108186.0390625,108186.0390625,87306423067,USD
2025-10-17,106467.7890625,106467.7890625,99703051669,USD
2025-10-18,107198.265625,107198.265625,37779905278,USD
2025-10-19,108666.7109375,108666.7109375,47657008953,USD
2025-10-20,110588.9296875,110588.9296875,63507793085,USD
2025-10-21,108476.890625,108476.890625,101194375480,USD
2025-10-22,107688.5859375,107688.5859375,80807013218,USD
2025-10-23,110069.7265625,110069.7265625,54944076060,USD
2025-10-24,111033.921875,111033.921875,48160816980,USD
2025-10-25,111641.7265625,111641.7265625,24707667305,USD
2025-10-26,114472.4453125,114472.4453125,41708524143,USD
2025-10-27,114119.328125,114119.328125,61761358733,USD
2025-10-28,112956.1640625,112956.1640625,64528066504,USD
2025-10-29,110055.3046875,110055.3046875,62192043469,USD
2025-10-30,108305.546875,108305.546875,69673964814,USD
2025-10-31,109556.1640625,109556.1640625,60090359560,USD
2025-11-01,110064.015625,110064.015625,25871668762,USD
2025-11-02,110639.625,110639.625,34284209459,USD
2025-11-03,106547.5234375,106547.5234375,72852006359,USD
2025-11-04,101590.5234375,101590.5234375,110967184773,USD
2025-11-05,103891.8359375,103891.8359375,77584934804,USD
2025-11-06,101301.2890625,101301.2890625,63932752861,USD
2025-11-07,103372.40625,103372.40625,92168030081,USD
2025-11-08,102282.1171875,102282.1171875,51446691095,USD
2025-11-09,104719.640625,104719.640625,59679243013,USD
2025-11-10,105996.59375,105996.59375,69585887229,USD
2025-11-11,102997.46875,102997.46875,71130078574,USD
2025-11-12,101663.1875,101663.1875,64347179408,USD
2025-11-13,99697.4921875,99697.4921875,101546815416,USD
2025-11-14,94397.7890625,94397.7890625,114346441890,USD
2025-11-15,95549.1484375,95549.1484375,38500716654,USD
2025-11-16,94177.078125,94177.078125,71086235862,USD
2025-11-17,92093.875,92093.875,94186165724,USD
2025-11-18,92948.875,92948.875,101333569062,USD
2025-11-19,91465.9921875,91465.9921875,80350354656,USD
2025-11-20,86631.8984375,86631.8984375,97970645638,USD
2025-11-21,85090.6875,85090.6875,129157506112,USD
2025-11-22,84648.359375,84648.359375,40793099246,USD
2025-11-23,86805.0078125,86805.0078125,58083435576,USD
2025-11-24,88270.5625,88270.5625,74433896110,USD
2025-11-25,87341.890625,87341.890625,64837343545,USD
2025-11-26,90518.3671875,90518.3671875,66496301869,USD
2025-11-27,91285.375,91285.375,57040622845,USD
2025-11-28,90919.265625,90919.265625,60895830289,USD
2025-11-29,90851.7578125,90851.7578125,37921773455,USD
2025-11-30,90394.3125,90394.3125,38497902869,USD
2025-12-01,86321.5703125,86321.5703125,87962894424,USD
2025-12-02,91350.203125,91350.203125,78546798211,USD
2025-12-03,93527.8046875,93527.8046875,77650204986,USD
2025-12-04,92141.625,92141.625,64538402681,USD
2025-12-05,89387.7578125,89387.7578125,63256398633,USD
2025-12-06,89272.375,89272.375,37994042405,USD
2025-12-07,90405.640625,90405.640625,47394898960,USD
2025-12-08,90640.203125,90640.203125,57394099056,USD
2025-12-09,92691.7109375,92691.7109375,66861721440,USD
2025-12-10,92020.9453125,92020.9453125,65420694513,USD
2025-12-11,92511.3359375,92511.3359375,64532834621,USD
2025-12-12,90270.4140625,90270.4140625,80275884583,USD
2025-12-13,90298.7109375,90298.7109375,64237748110,USD
2025-12-14,88175.1796875,88175.1796875,50465972205,USD
2025-12-15,86419.78125,86419.78125,45559514323,USD
2025-12-16,87843.984375,87843.984375,41262178223,USD
2025-12-17,86143.7578125,86143.7578125,44243392914,USD
2025-12-18,85462.5078125,85462.5078125,52667115348,USD
2025-12-19,88103.3828125,88103.3828125,46733310561,USD
2025-12-20,88344.0,88344.0,14688196659,USD
2025-12-21,88621.75,88621.75,19845522660,USD
2025-12-22,88490.015625,88490.015625,38047472118,USD
2025-12-23,87414.0,87414.0,43683011533,USD
2025-12-24,87611.9609375,87611.9609375,25550297986,USD
2025-12-25,87234.7421875,87234.7421875,19953216347,USD
2025-12-26,87301.4296875,87301.4296875,42455674908,USD
2025-12-27,87802.15625,87802.15625,13741199310,USD
2025-12-28,87835.8359375,87835.8359375,15156557929,USD
2025-12-29,87138.140625,87138.140625,48411625849,USD
2025-12-30,88430.1328125,88430.1328125,35586356225,USD
2025-12-31,87508.828125,87508.828125,33830210616,USD
2026-01-01,88731.984375,88731.984375,18849043990,USD
2026-01-02,89944.6953125,89944.6953125,46398906171,USD
2026-01-03,90603.1875,90603.1875,20774828592,USD
2026-01-04,91413.4921875,91413.4921875,26770491368,USD
2026-01-05,93882.5546875,93882.5546875,53376407252,USD
2026-01-06,93729.03125,93729.03125,52430605257,USD
2026-01-07,91308.0546875,91308.0546875,43461295053,USD
2026-01-08,91027.125,91027.125,42386697030,USD
2026-01-09,90513.1015625,90513.1015625,38305906684,USD
2026-01-10,90386.6484375,90386.6484375,12385895282,USD
2026-01-11,90827.4609375,90827.4609375,17165568977,USD
2026-01-12,91192.9921875,91192.9921875,41346275358,USD
2026-01-13,95321.78125,95321.78125,54980674354,USD
2026-01-14,96929.328125,96929.328125,60592490863,USD
2026-01-15,95551.1875,95551.1875,53086363027,USD
2026-01-16,95525.1171875,95525.1171875,33248170537,USD
2026-01-17,95099.921875,95099.921875,16021715122,USD
2026-01-18,93634.4296875,93634.4296875,20809781232,USD
2026-01-19,92553.59375,92553.59375,39195241508,USD
2026-01-20,88310.90625,88310.90625,53072968031,USD
2026-01-21,89376.9609375,89376.9609375,56330422434,USD
2026-01-22,89462.453125,89462.453125,35549685694,USD
2026-01-23,89503.875,89503.875,38997586037,USD
2026-01-24,89110.734375,89110.734375,14558687712,USD
2026-01-25,86572.21875,86572.21875,36124986722,USD
2026-01-26,88267.140625,88267.140625,45329286974,USD
2026-01-27,89102.5703125,89102.5703125,38744942267,USD
2026-01-28,89184.5703125,89184.5703125,39807419296,USD
2026-01-29,84561.5859375,84561.5859375,64653083162,USD
2026-01-30,84128.65625,84128.65625,72083816087,USD
2026-01-31,78621.1171875,78621.1171875,70479259159,USD
2026-02-01,76974.4453125,76974.4453125,53372509744,USD
2026-02-02,78688.765625,78688.765625,75140589684,USD
2026-02-03,75633.546875,75633.546875,68249110822,USD
2026-02-04,73019.703125,73019.703125,67215363944,USD
2026-02-05,62702.09765625,62702.09765625,125509410908,USD
2026-02-06,70555.390625,70555.390625,114674259489,USD
2026-02-07,69281.96875,69281.96875,62347107663,USD
2026-02-08,70264.7265625,70264.7265625,39721722619,USD
2026-02-09,70120.78125,70120.78125,52081598792,USD
2026-02-10,68793.9609375,68793.9609375,40593063077,USD
2026-02-11,66991.96875,66991.96875,49671946030,USD
2026-02-12,66221.84375,66221.84375,44651071271,USD
2026-02-13,68857.84375,68857.84375,40820775886,USD
2026-02-14,69767.625,69767.625,36012397645,USD
2026-02-15,68788.1875,68788.1875,40191152750,USD
2026-02-16,68843.15625,68843.15625,33618145426,USD
2026-02-17,67494.21875,67494.21875,34866936040,USD
2026-02-18,66425.3203125,66425.3203125,33094301643,USD
2026-02-19,66957.5234375,66957.5234375,31492987019,USD
2026-02-20,68005.421875,68005.421875,47507867304,USD
2026-02-21,68003.765625,68003.765625,18357635642,USD
2026-02-22,67659.390625,67659.390625,17893536012,USD
2026-02-23,64616.73828125,64616.73828125,50953457309,USD
2026-02-24,64080.04296875,64080.04296875,40849331086,USD
2026-02-25,67960.125,67960.125,53629234355,USD
2026-02-26,67453.7734375,67453.7734375,42988597523,USD
2026-02-27,65881.796875,65881.796875,40283655942,USD
2026-02-28,66995.859375,66995.859375,42041497112,USD
2026-03-01,65738.1015625,65738.1015625,40733141929,USD
2026-03-02,68775.8515625,68775.8515625,56698092052,USD
2026-03-03,68293.6484375,68293.6484375,47947999049,USD
2026-03-04,72710.578125,72710.578125,75073101274,USD
2026-03-05,70841.125,70841.125,51172841727,USD
2026-03-06,68136.4921875,68136.4921875,43776962871,USD
2026-03-07,67272.59375,67272.59375,23258701211,USD
2026-03-08,65969.78125,65969.78125,33195080116,USD
2026-03-09,68402.3828125,68402.3828125,49499875378,USD
2026-03-10,69926.921875,69926.921875,54003996096,USD
2026-03-11,70204.8828125,70204.8828125,45236859848,USD
2026-03-12,70493.4609375,70493.4609375,40871848129,USD
2026-03-13,70968.265625,70968.265625,61167226505,USD
2026-03-14,71214.625,71214.625,22283546496,USD
2026-03-15,72789.9140625,72789.9140625,27991268669,USD
2026-03-16,74861.0859375,74861.0859375,55572438409,USD
2026-03-17,73922.4765625,73922.4765625,49500721728,USD
2026-03-18,71245.578125,71245.578125,46229011155,USD
2026-03-19,69912.7890625,69912.7890625,44631433398,USD
2026-03-20,70522.5859375,70522.5859375,38299078407,USD
2026-03-21,68711.5234375,68711.5234375,21109354718,USD
2026-03-22,67845.2109375,67845.2109375,30108051508,USD
2026-03-23,70914.859375,70914.859375,51508669357,USD
2026-03-24,70517.859375,70517.859375,40181522399,USD
2026-03-25,71309.8828125,71309.8828125,35409791747,USD
2026-03-26,68791.625,68791.625,38962070215,USD
2026-03-27,66338.375,66338.375,46483453594,USD
2026-03-28,66319.6953125,66319.6953125,20924883455,USD
2026-03-29,65954.921875,65954.921875,21645889785,USD
2026-03-30,66691.4453125,66691.4453125,37694994180,USD
2026-03-31,68233.3125,68233.3125,42997691338,USD
2026-04-01,68078.5546875,68078.5546875,36465393617,USD
2026-04-02,66888.5703125,66888.5703125,39323384518,USD
2026-04-03,66931.1015625,66931.1015625,22815543346,USD
2026-04-04,67290.515625,67290.515625,15878814963,USD
2026-04-05,68981.8984375,68981.8984375,22972648674,USD
2026-04-06,68859.828125,68859.828125,39542143229,USD
2026-04-07,71940.703125,71940.703125,44650511480,USD
2026-04-08,71123.359375,71123.359375,42444631703,USD
2026-04-09,71767.828125,71767.828125,38799581473,USD
2026-04-10,72979.046875,72979.046875,37722595732,USD
2026-04-11,73054.2734375,73054.2734375,23287073965,USD
2026-04-12,70753.40625,70753.40625,29882740487,USD
2026-04-13,74484.640625,74484.640625,52278211554,USD
2026-04-14,74181.609375,74181.609375,53540826530,USD
2026-04-15,74805.078125,74805.078125,38090174312,USD
2026-04-16,75152.1328125,75152.1328125,41312783855,USD
2026-04-17,77126.875,77126.875,54137194839,USD
2026-04-18,75726.2109375,75726.2109375,26014416776,USD
2026-04-19,73856.3515625,73856.3515625,30931515195,USD
2026-04-20,75872.5234375,75872.5234375,39674447916,USD
2026-04-21,76352.7734375,76352.7734375,36453522626,USD
2026-04-22,78203.1015625,78203.1015625,48336654537,USD
2026-04-23,78268.953125,78268.953125,40354900916,USD
2026-04-24,77455.3125,77455.3125,32784213526,USD
2026-04-25,77612.015625,77612.015625,16702933134,USD
2026-04-26,78657.5390625,78657.5390625,21482934750,USD
2026-04-27,77366.625,77366.625,38135631927,USD
2026-04-28,76350.671875,76350.671875,32056900880,USD
2026-04-29,75776.1328125,75776.1328125,41460907886,USD
2026-04-30,76304.3203125,76304.3203125,29497862305,USD
2026-05-01,78179.0,78179.0,39164328894,USD
2026-05-02,78657.25,78657.25,16761531851,USD
2026-05-03,78538.2265625,78538.2265625,20544392639,USD
2026-05-04,79827.90625,79827.90625,54325085296,USD
2026-05-05,80927.0546875,80927.0546875,39700107376,USD
2026-05-06,81427.53125,81427.53125,41751540000,USD
2026-05-07,80009.9921875,80009.9921875,36931193154,USD
2026-05-08,80186.765625,80186.765625,33789351540,USD
2026-05-09,80664.3671875,80664.3671875,18102086996,USD
2026-05-10,82138.9296875,82138.9296875,26965971077,USD
2026-05-11,81728.296875,81728.296875,32409774919,USD
2026-05-12,80477.4921875,80477.4921875,32186688600,USD
2026-05-13,79277.1171875,79277.1171875,34075428359,USD
2026-05-14,81051.25,81051.25,43731663431,USD
2026-05-15,79065.6796875,79065.6796875,38183347368,USD
2026-05-16,78131.4375,78131.4375,25895799905,USD
2026-05-17,77429.3515625,77429.3515625,20900166465,USD
2026-05-18,76954.171875,76954.171875,41520471808,USD
2026-05-19,76750.90625,76750.90625,26031898332,USD
2026-05-20,77457.7734375,77457.7734375,26668360936,USD
2026-05-21,77539.171875,77539.171875,27141485404,USD
2026-05-22,75488.2421875,75488.2421875,27859040109,USD
2026-05-23,76673.3671875,76673.3671875,29973220002,USD
2026-05-24,76981.125,76981.125,20572738918,USD
2026-05-25,77279.9296875,77279.9296875,19808387601,USD
2026-05-26,75825.734375,75825.734375,35999475458,USD
2026-05-27,74344.703125,74344.703125,33802172927,USD
2026-05-28,73536.5546875,73536.5546875,40148145327,USD
2026-05-29,73372.5234375,73372.5234375,34457929250,USD
2026-05-30,73754.8359375,73754.8359375,19563589191,USD
2026-05-31,73579.6875,73579.6875,17445435650,USD
2026-06-01,71319.7734375,71319.7734375,43378836121,USD
2026-06-02,66703.65625,66703.65625,54990073882,USD
2026-06-03,64014.3671875,64014.3671875,47411556213,USD
2026-06-04,63801.57421875,63801.57421875,63800151780,USD
2026-06-05,60922.66796875,60922.66796875,71465606706,USD
2026-06-06,60867.4140625,60867.4140625,30898464957,USD
2026-06-07,63239.51953125,63239.51953125,36006496194,USD
2026-06-08,63090.58984375,63090.58984375,34133252457,USD
2026-06-09,61643.78125,61643.78125,40144449754,USD
2026-06-10,61449.2890625,61449.2890625,27493506779,USD
2026-06-11,63561.0546875,63561.0546875,29316677897,USD
2026-06-12,63543.19921875,63543.19921875,26881868307,USD
2026-06-13,64421.32421875,64421.32421875,16956245530,USD
2026-06-14,65710.3984375,65710.3984375,21572226975,USD
2026-06-15,66289.5,66289.5,32927321950,USD
2026-06-16,65600.640625,65600.640625,25063963967,USD
2026-06-17,64418.4453125,64418.4453125,31288885189,USD
2026-06-18,62896.47265625,62896.47265625,30432454936,USD
2026-06-19,63540.8359375,63540.8359375,22361931660,USD
2026-06-20,64239.67578125,64239.67578125,17486384117,USD
2026-06-21,63237.5390625,63237.5390625,15739619591,USD
2026-06-22,63952.10546875,63952.10546875,26561496819,USD
2026-06-23,62668.01953125,62668.01953125,29608942370,USD
2026-06-24,60995.1328125,60995.1328125,42644106535,USD
2026-06-25,59721.67578125,59721.67578125,40625024718,USD
2026-06-26,60016.4296875,60016.4296875,41502864671,USD
2026-06-27,59940.09765625,59940.09765625,15099836554,USD
2026-06-28,59532.33984375,59532.33984375,16282230874,USD
2026-06-29,60138.37890625,60138.37890625,30829983083,USD
2026-06-30,58558.859375,58558.859375,32747419391,USD
2026-07-01,60003.7578125,60003.7578125,37904450118,USD
2026-07-02,61485.30078125,61485.30078125,40109297349,USD
2026-07-03,62544.19921875,62544.19921875,26131813598,USD
2026-07-04,63088.3046875,63088.3046875,18608397613,USD
2026-07-05,63547.8828125,63547.8828125,18267466154,USD
2026-07-06,63995.015625,63995.015625,36552222303,USD
2026-07-07,63297.39453125,63297.39453125,31026493556,USD
2026-07-08,62257.57421875,62257.57421875,27349235354,USD
2026-07-09,63193.1484375,63193.1484375,26546256117,USD
2026-07-10,64127.140625,64127.140625,27450201269,USD
2026-07-11,63802.02734375,63802.02734375,13954689047,USD
2026-07-12,63758.21875,63758.21875,19043437787,USD
2026-07-13,62807.44921875,62807.44921875,25944870912,USD
